country_ISO_alpha3,country,FAO_region,Macro_Region,Broad_Region,Detailed_Region,WorldBankIncomeGroup1,Generic_survey_name,Source,IncludedinFAOestimates,area_inland_water,perimeter_inland_water,lenght_coastline_km,info_coastline,fishery_type,Preharvest_ssf,harvest_inland_SSF,harvest_marine_SSF,Inland_harvest_WOC_SSF,Marine_harvest_WOC_SSF,Processing_ssf,Trading_ssf,Preharvest_lsf,harvest_inland_LSF,harvest_marine_LSF,Processing_lsf,Trading_lsf,Dependent_ssf_full,Dependent_work_ssf_part,Dependent_ssf_part,Dependent_lsf_part,Dependent_lsf_full,emp_agr_2016,emp_ind_2016,emp_ser_2016,gdp_real_ppp_2016,code
DZA,Algeria,Africa,Africa,Northern Africa,Northern Africa,Upper-middle income,,Weighted regression analysis,Yes,0.049625586,8.679636739,998,998 km,M,6685,0,31575,0,47107,30584,56569,639,0,4430,6634,18188,322353,154946,448297,81620,49575,1096007,3309894,6284258,11624,6. Northern Africa
EGY,Egypt,Africa,Africa,Northern Africa,Northern Africa,Lower-middle income,Labour force survey ,Estimates from survey (LFS/HIES),Yes,1.267092541,166.1073027,2450,"2,450 km",I+M,11119,66940,32086,15009,15474,55927,166952,3518,0,48465,50280,100222,847032,100935,1228593,560272,346601,6695986,6677419,12809744,11192,6. Northern Africa
LBY,Libya,Africa,Africa,Northern Africa,Northern Africa,Upper-middle income,,Weighted regression analysis,Yes,0.006655876,1.918947551,1770,"1,770 km",M,888,0,10850,0,18650,3506,25788,143,0,1522,2195,3129,106741,62219,141468,18891,11316,376640,407421,1081012,11109,6. Northern Africa
MAR,Morocco,Africa,Africa,Northern Africa,Northern Africa,Lower-middle income,Houesheold Income and Expenditure survey ,Estimates from survey (LFS/HIES),Yes,0.066070118,11.3132579,1835,"1,835 km",I+M,6666,2144,105073,660,32344,17478,170029,184,0,1603,2863,2708,767393,109150,1108303,19898,11924,3912592,2294151,4478548,7113,6. Northern Africa
SDN,Sudan,Africa,Africa,Northern Africa,Northern Africa,Lower-middle income,,Weighted regression analysis,Yes,0.956467139,220.8312819,853,853 km,I+M,3249,14238,36382,10832,27679,9906,94513,465,58,5051,6884,11467,405833,127062,570084,65227,39534,3848379,1608638,3961859,4416,6. Northern Africa
TUN,Tunisia,Africa,Africa,Northern Africa,Northern Africa,Lower-middle income,Labour force survey ,Estimates from survey (LFS/HIES),Yes,0.035444252,4.659844674,1148,"1,148 km",I+M,1666,264,26117,295,29224,7237,36903,209,21,2136,3199,2862,186649,97791,253469,22812,13688,476765,1119235,1794114,10359,6. Northern Africa
AGO,Angola,Africa,Africa,Sub-Saharan Africa,Central Africa,Lower-middle income,,Weighted regression analysis,Yes,0.262056864,62.89070114,1600,"1,600 km",I+M,6034,19000,51521,37710,102257,27754,100569,923,2029,9785,17939,13692,396054,525037,967360,169596,89453,5564671,937102,4490847,7103,11. Sub-Saharan Africa
CMR,Cameroon,Africa,Africa,Sub-Saharan Africa,Central Africa,Lower-middle income,Houesheold Income and Expenditure survey ,Estimates from survey (LFS/HIES),Yes,0.674477763,101.7223406,402,402 km,I+M,7470,85664,42726,130818,30278,21258,98503,445,0,4865,8739,6935,492973,602998,1215618,79797,41788,4577344,1459192,3994831,3405,11. Sub-Saharan Africa
CAF,Central African Republic,Africa,Africa,Sub-Saharan Africa,Central Africa,Low income,,Weighted regression analysis,Yes,0.124692934,46.34321983,0,0 km (landlocked),I,832,21754,0,158724,0,4720,6606,,0,0,,,66837,594255,151076,0,0,1362342,93569,286809,851,11. Sub-Saharan Africa
TCD,Chad,Africa,Africa,Sub-Saharan Africa,Central Africa,Low income,,Weighted regression analysis,Yes,1.921614335,273.1548012,0,0 km (landlocked),I,8634,106344,0,476382,0,34615,24658,148,1648,0,3004,2097,337435,1753852,818453,26027,13485,4088833,117755,1101085,1665,11. Sub-Saharan Africa
COG,Congo,Africa,Africa,Sub-Saharan Africa,Central Africa,Lower-middle income,,Weighted regression analysis,Yes,0.520040607,121.5595262,169,169 km,I+M,2631,29405,6358,60809,13148,12102,17271,245,597,747,2534,1469,132570,280141,308730,21070,10895,634789,408608,771243,3398,11. Sub-Saharan Africa
COD,"Congo, Democratic Republic of the",Africa,Africa,Sub-Saharan Africa,Central Africa,Low income,Houesheold Income and Expenditure survey ,Estimates from survey (LFS/HIES),Yes,7.782353419,1172.085741,37,37 km,I+M,13974,227668,1768,367821,12458,81541,186115,5,0,21,116,116,978287,1404865,2485444,954,479,17219662,2462014,6137379,964,11. Sub-Saharan Africa
GNQ,Equatorial Guinea,Africa,Africa,Sub-Saharan Africa,Central Africa,Upper-middle income,,Weighted regression analysis,Yes,0.035558624,11.15337117,296,296 km,I+M,572,1257,2674,2869,6103,2635,4080,53,14,279,600,428,22374,35098,48220,5130,2617,186482,88872,165171,20459,11. Sub-Saharan Africa
GAB,Gabon,Africa,Africa,Sub-Saharan Africa,Central Africa,Upper-middle income,,Weighted regression analysis,Yes,0.538005623,103.9830348,885,885 km,I+M,457,4400,3761,6344,5424,1661,6482,46,0,486,948,673,33285,45845,72986,8057,4128,181182,56096,289443,14286,11. Sub-Saharan Africa
STP,Sao Tome and Principe,Africa,Africa,Sub-Saharan Africa,Central Africa,Lower-middle income,,Weighted regression analysis,Yes,,,209,209 km,M,70,0,385,0,1001,495,801,6,0,21,58,68,3563,4049,7088,565,282,12046,10809,35787,3889,11. Sub-Saharan Africa
BDI,Burundi,Africa,Africa,Sub-Saharan Africa,Eastern Africa,Low income,,Weighted regression analysis,Yes,0.323299298,10.97993063,0,0 km (landlocked),I,599,11831,0,47860,0,2694,11621,43,448,0,1151,635,52844,182498,118231,8525,4370,4079968,70348,284040,797,11. Sub-Saharan Africa
COM,Comoros,Africa,Africa,Sub-Saharan Africa,Eastern Africa,Lower-middle income,,Weighted regression analysis,Yes,,,340,340 km,M,167,0,2453,0,5348,770,2204,,0,0,,,11242,21087,23513,0,0,100765,26000,69100,2864,11. Sub-Saharan Africa
DJI,Djibouti,Africa,Africa,Sub-Saharan Africa,Eastern Africa,Lower-middle income,,Weighted regression analysis,Yes,0.027646673,2.159389365,314,314 km,M,282,0,2084,0,4507,1676,4070,26,0,224,717,346,16235,17818,34503,4899,2498,124364,43829,181737,4693,11. Sub-Saharan Africa
ERI,Eritrea,Africa,Africa,Sub-Saharan Africa,Eastern Africa,Low income,,Weighted regression analysis,Yes,0.001319462,0.327241786,2234,"2,234 km (mainland on Red Sea 1,151 km, islands in Red Sea 1,083 km)",M,1787,0,1599,0,11199,3732,5252,,0,0,,,24644,43662,53336,0,0,908803,126007,423542,,11. Sub-Saharan Africa
ETH,Ethiopia,Africa,Africa,Sub-Saharan Africa,Eastern Africa,Low income,Houesheold Income and Expenditure survey ,Estimates from survey (LFS/HIES),Yes,1.301306843,62.87328879,0,0 km (landlocked),I,31035,32858,0,240075,0,61415,117714,63,379,0,1258,1202,468928,893164,1153811,10887,5594,32182717,4469625,10542694,1879,11. Sub-Saharan Africa
KEN,Kenya,Africa,Africa,Sub-Saharan Africa,Eastern Africa,Lower-middle income,Houesheold Income and Expenditure survey ,Estimates from survey (LFS/HIES),Yes,1.972808683,47.33524008,536,536 km,I+M,5841,53643,14364,62907,18480,26981,74859,390,0,3790,7619,6369,340186,307834,825418,69014,36091,11973803,1451113,7725929,3635,11. Sub-Saharan Africa
MDG,Madagascar,Africa,Africa,Sub-Saharan Africa,Eastern Africa,Low income,,Weighted regression analysis,Yes,0.458459075,125.5535171,4828,"4,828 km",I+M,6891,57006,153377,54026,145360,31695,71098,1262,896,17115,24172,13942,615766,743894,1533194,219747,116192,8152667,1070141,3174871,1607,11. Sub-Saharan Africa
MWI,Malawi,Africa,Africa,Sub-Saharan Africa,Eastern Africa,Low income,Houesheold Income and Expenditure survey ,Estimates from survey (LFS/HIES),Yes,3.885567796,42.55951522,0,0 km (landlocked),I,3166,49194,0,60883,0,54115,50573,107,910,0,4378,1777,304460,231304,735174,27069,14030,3120643,961746,2826771,1025,11. Sub-Saharan Africa
MUS,Mauritius,Africa,Africa,Sub-Saharan Africa,Eastern Africa,Upper-middle income,Houesheold Income and Expenditure survey ,Estimates from survey (LFS/HIES),Yes,0.00137771,0.456683882,177,177 km,M,528,0,5666,0,8902,2602,6935,56,0,587,1158,846,31260,34828,68359,9925,5095,37537,146433,375351,20701,11. Sub-Saharan Africa
MOZ,Mozambique,Africa,Africa,Sub-Saharan Africa,Eastern Africa,Low income,Houesheold Income and Expenditure survey ,Estimates from survey (LFS/HIES),Yes,2.071918389,262.2279183,2470,"2,470 km",I+M,7389,16850,100283,24436,145428,48307,113753,1841,3956,24186,52666,24075,551999,635303,1367893,410429,218310,8288933,925451,2369974,1364,11. Sub-Saharan Africa
RWA,Rwanda,Africa,Africa,Sub-Saharan Africa,Eastern Africa,Low income,Labour force survey ,Estimates from survey (LFS/HIES),Yes,0.235710274,15.20741817,0,0 km (landlocked),I,1202,4458,0,10415,0,6889,10247,11,66,0,237,208,45122,40650,100261,1935,978,3786012,483842,1502297,1892,11. Sub-Saharan Africa
SOM,Somalia,Africa,Africa,Sub-Saharan Africa,Eastern Africa,Low income,Houesheold Income and Expenditure survey ,Estimates from survey (LFS/HIES),Yes,0.006038274,1.813913476,3025,"3,025 km",I+M,603,496,9434,223,4247,4126,27370,,0,0,,,82642,17674,188537,0,0,2617134,117724,405176,,11. Sub-Saharan Africa
SSD,South Sudan,Africa,Africa,Sub-Saharan Africa,Eastern Africa,Low income,Houesheold Income and Expenditure survey ,Estimates from survey (LFS/HIES),Yes,4.568055852,90.06844771,0,0 km (landlocked),I,1212,10990,0,10339,0,3208,3510,29,213,0,598,383,37524,40358,82712,4559,2323,2279874,571576,1117766,,11. Sub-Saharan Africa
TZA,"Tanzania, United Republic of",Africa,Africa,Sub-Saharan Africa,Eastern Africa,Low income,Houesheold Income and Expenditure survey ,Estimates from survey (LFS/HIES),Yes,8.947477067,189.8476125,1424,"1,424 km",I+M,8390,114755,23371,85936,54609,34793,194964,24,0,132,505,470,722641,527172,1811888,4217,2148,16160100,1561788,6424417,2479,11. Sub-Saharan Africa
UGA,Uganda,Africa,Africa,Sub-Saharan Africa,Eastern Africa,Low income,Houesheold Income and Expenditure survey ,Estimates from survey (LFS/HIES),Yes,5.803235763,125.9684332,0,0 km (landlocked),I,9139,147404,0,217571,0,71253,51657,,0,0,,,538416,810659,1332786,0,0,10481479,964491,2943941,2076,11. Sub-Saharan Africa
ZMB,Zambia,Africa,Africa,Sub-Saharan Africa,Eastern Africa,Lower-middle income,Houesheold Income and Expenditure survey ,Estimates from survey (LFS/HIES),Yes,2.048528966,155.7837718,0,0 km (landlocked),I,6524,53380,0,93593,0,25315,15024,483,330,0,935,599,195279,353246,462501,8790,4507,3006737,637283,2282708,3405,11. Sub-Saharan Africa
ZWE,Zimbabwe,Africa,Africa,Sub-Saharan Africa,Eastern Africa,Lower-middle income,,Weighted regression analysis,Yes,0.628551478,75.06170668,0,0 km (landlocked),I,2828,18742,0,73369,0,15773,36889,263,138,0,430,370,145074,277947,339179,4479,2282,4248545,439105,1647263,2806,11. Sub-Saharan Africa
BWA,Botswana,Africa,Africa,Sub-Saharan Africa,Southern Africa,Upper-middle income,Labour force survey ,Estimates from survey (LFS/HIES),Yes,0.027582244,3.800496861,0,0 km (landlocked),I,1400,1657,0,6286,0,2041,3273,30,259,0,586,471,16749,24725,35644,5022,2561,179262,149692,493681,17260,11. Sub-Saharan Africa
LSO,Lesotho,Africa,Africa,Sub-Saharan Africa,Southern Africa,Lower-middle income,Houesheold Income and Expenditure survey ,Estimates from survey (LFS/HIES),Yes,0.001075308,0.770862587,0,0 km (landlocked),I,314,598,0,2596,0,563,581,13,93,0,258,166,4175,10350,8364,1965,993,64671,304503,341392,3063,11. Sub-Saharan Africa
NAM,Namibia,Africa,Africa,Sub-Saharan Africa,Southern Africa,Upper-middle income,Labour force survey ,Estimates from survey (LFS/HIES),Yes,0.016138036,2.970376723,1572,"1,572 km",I+M,436,2552,623,0,0,2540,3115,972,400,18108,3265,12097,18518,,39582,132957,69966,138000,132928,416623,10372,11. Sub-Saharan Africa
ZAF,South Africa,Africa,Africa,Sub-Saharan Africa,Southern Africa,Upper-middle income,Labour force survey ,Estimates from survey (LFS/HIES),Yes,0.59980984,108.0727742,2798,"2,798 km",I+M,6358,2828,12435,19261,13101,33528,14924,591,0,5767,2492,7562,137031,124141,319578,62306,32551,904199,3786569,11537258,12592,11. Sub-Saharan Africa
SWZ,Swaziland,Africa,Africa,Sub-Saharan Africa,Southern Africa,Lower-middle income,,Weighted regression analysis,Yes,0.005895454,0.797764167,0,0 km (landlocked),I,562,385,0,1654,0,764,1072,,0,0,,,5635,6640,11436,0,0,36025,66913,169885,8762,11. Sub-Saharan Africa
BEN,Benin,Africa,Africa,Sub-Saharan Africa,Western Africa,Low income,,Weighted regression analysis,Yes,0.051267853,7.02059659,121,121 km,I+M,5130,29999,9939,48445,16051,23593,39031,478,478,1334,3537,3319,209625,244815,498016,34579,17965,1746911,796601,1742903,3005,11. Sub-Saharan Africa
BFA,Burkina Faso,Africa,Africa,Sub-Saharan Africa,Western Africa,Low income,Houesheold Income and Expenditure survey ,Estimates from survey (LFS/HIES),Yes,0.023939524,8.074718662,0,0 km (landlocked),I,2843,17571,0,47195,0,7678,32035,,0,0,,,117775,180000,272864,0,0,1776800,2066004,2514023,1894,11. Sub-Saharan Africa
CPV,Cape Verde,Africa,Africa,Sub-Saharan Africa,Western Africa,Lower-middle income,,Weighted regression analysis,Yes,,,965,965 km,M,601,0,521,0,1519,1273,1300,26,0,129,297,241,7457,6106,15320,2573,1304,27808,42967,126678,6323,11. Sub-Saharan Africa
CIV,Côte d'Ivoire,Africa,Africa,Sub-Saharan Africa,Western Africa,Lower-middle income,Houesheold Income and Expenditure survey ,Estimates from survey (LFS/HIES),Yes,0.537784804,63.50076486,515,515 km,I+M,3595,21487,32051,39135,58375,12125,15765,380,385,3775,1497,4554,165921,367800,390193,40085,20854,3268528,937813,3439663,4727,11. Sub-Saharan Africa
GMB,Gambia,Africa,Africa,Sub-Saharan Africa,Western Africa,Low income,Houesheold Income and Expenditure survey ,Estimates from survey (LFS/HIES),Yes,0.054162496,13.45813508,80,80 km,I+M,1960,2929,3963,6310,4853,3322,6863,23,168,39,497,369,37754,43523,83240,4085,2080,186229,99479,355091,2069,11. Sub-Saharan Africa
GHA,Ghana,Africa,Africa,Sub-Saharan Africa,Western Africa,Lower-middle income,Labour force survey ,Estimates from survey (LFS/HIES),Yes,1.337170981,91.40874911,539,539 km,I+M,11983,147320,37475,45487,16899,64269,36396,680,4922,2787,13222,8170,572692,236926,1421448,113518,59647,3829974,2173788,5348729,4890,11. Sub-Saharan Africa
GIN,Guinea,Africa,Africa,Sub-Saharan Africa,Western Africa,Low income,,Weighted regression analysis,Yes,0.084506961,27.52531015,320,320 km,I+M,1729,10549,28118,20494,54624,7085,30895,131,349,182,1229,2220,153083,284471,358741,15455,7968,2468888,218484,1165673,2079,11. Sub-Saharan Africa
GNB,Guinea-Bissau,Africa,Africa,Sub-Saharan Africa,Western Africa,Low income,,Weighted regression analysis,Yes,0.095915085,25.06925704,350,350 km,I+M,324,3207,6792,3158,6689,1475,3819,62,0,763,1271,672,31036,38466,67848,10381,5332,496489,49789,170530,1747,11. Sub-Saharan Africa
LBR,Liberia,Africa,Africa,Sub-Saharan Africa,Western Africa,Low income,Houesheold Income and Expenditure survey ,Estimates from survey (LFS/HIES),Yes,0.041324296,8.146825884,579,579 km,I+M,1073,291,12567,22039,7790,3512,14478,447,0,1536,2760,4697,62953,114567,141926,35696,18551,877045,211011,897758,1379,11. Sub-Saharan Africa
MLI,Mali,Africa,Africa,Sub-Saharan Africa,Western Africa,Low income,Houesheold Income and Expenditure survey ,Estimates from survey (LFS/HIES),Yes,1.101330484,250.3314019,0,0 km (landlocked),I,16863,356175,0,224693,0,43068,182000,145,1458,0,2926,2275,1142966,836784,2923570,25671,13299,3990831,413068,1745052,2188,11. Sub-Saharan Africa
MRT,Mauritania,Africa,Africa,Sub-Saharan Africa,Western Africa,Lower-middle income,Houesheold Income and Expenditure survey ,Estimates from survey (LFS/HIES),Yes,0.109725725,35.21445839,754,754 km,I+M,771,2652,10242,6140,23717,3328,12976,438,149,2554,12530,4571,59145,114673,132979,76956,40286,546557,128041,350604,4700,11. Sub-Saharan Africa
NER,Niger,Africa,Africa,Sub-Saharan Africa,Western Africa,Low income,Houesheold Income and Expenditure survey ,Estimates from survey (LFS/HIES),Yes,0.528959454,53.71171089,0,0 km (landlocked),I,1453,17592,0,19914,0,4278,16992,29,215,0,608,505,79309,76959,180608,5064,2583,5654051,545900,1266107,1141,11. Sub-Saharan Africa
NGA,Nigeria,Africa,Africa,Sub-Saharan Africa,Western Africa,Lower-middle income,Houesheold Income and Expenditure survey ,Estimates from survey (LFS/HIES),Yes,2.267323543,297.5244088,853,853 km,I+M,75207,830341,408974,623627,142009,364433,873479,1780,0,19408,40792,28926,4802112,2798412,13075658,349212,185462,18789766,6256246,26338500,5235,11. Sub-Saharan Africa
SEN,Senegal,Africa,Africa,Sub-Saharan Africa,Western Africa,Lower-middle income,Houesheold Income and Expenditure survey ,Estimates from survey (LFS/HIES),Yes,0.278613894,71.94027022,531,531 km,I+M,8961,29687,98766,19450,64709,43424,108872,2464,321,2126,4565,3472,557959,318156,1383310,49071,25579,1173769,474419,1969735,3076,11. Sub-Saharan Africa
SLE,Sierra Leone,Africa,Africa,Sub-Saharan Africa,Western Africa,Low income,Labour force survey ,Estimates from survey (LFS/HIES),Yes,0.095526281,30.82561725,402,402 km,I+M,3236,17554,28101,31055,49712,24426,49413,212,502,2114,1287,3056,238564,305525,569967,27066,14028,1352466,142528,875927,1597,11. Sub-Saharan Africa
TGO,Togo,Africa,Africa,Sub-Saharan Africa,Western Africa,Low income,,Weighted regression analysis,Yes,0.011889388,2.084107492,56,56 km,I+M,2761,7241,4002,14676,8111,12699,35510,454,361,0,934,768,121816,87881,282642,9434,4841,1318869,428769,1585672,1454,11. Sub-Saharan Africa
BHS,Bahamas,Latin America and the Caribbean,Americas,Latin America and the Caribbean,Caribbean,High income,,Weighted regression analysis,Yes,0.091293636,22.85824341,3542,"3,542 km",M,159,0,6422,0,420,662,846,64,0,50,101,68,12307,1672,29378,828,389,4429,27574,156880,34183,5. Latin America and the Caribbean
BRB,Barbados,Latin America and the Caribbean,Americas,Latin America and the Caribbean,Caribbean,High income,,Weighted regression analysis,Yes,,,97,97 km,M,111,0,1798,0,221,295,559,56,0,45,88,212,4253,888,9694,1175,554,3996,27008,108816,15952,5. Latin America and the Caribbean
CUB,Cuba,Latin America and the Caribbean,Americas,Latin America and the Caribbean,Caribbean,Upper-middle income,,Weighted regression analysis,Yes,0.153575443,23.03290058,3735,"3,735 km",I+M,3531,3716,1248,0,0,9265,16649,1420,0,4244,7700,6307,51544,,130965,59134,28930,915486,849503,3239378,,5. Latin America and the Caribbean
DOM,Dominican Republic,Latin America and the Caribbean,Americas,Latin America and the Caribbean,Caribbean,Upper-middle income,,Weighted regression analysis,Yes,0.030703549,2.646481076,1288,"1,288 km",I+M,3205,3208,9623,762,1947,8475,16600,,0,0,,,61466,10481,157376,0,0,409837,777061,3229822,16110,5. Latin America and the Caribbean
HTI,Haiti,Latin America and the Caribbean,Americas,Latin America and the Caribbean,Caribbean,Low income,,Weighted regression analysis,Yes,0.015065389,2.126252254,1771,"1,771 km",I+M,1524,3329,44414,2225,25487,6092,13336,,0,0,,,102142,103473,267370,0,0,1226251,285188,2594748,1757,5. Latin America and the Caribbean
JAM,Jamaica,Latin America and the Caribbean,Americas,Latin America and the Caribbean,Caribbean,Upper-middle income,,Weighted regression analysis,Yes,0.0002006,0.109330129,1022,"1,022 km",I+M,811,964,13310,453,6261,2264,4365,329,0,2372,2831,1884,32689,25618,81425,22139,10730,208675,196523,849388,9193,5. Latin America and the Caribbean
PRI,Puerto Rico,Latin America and the Caribbean,Americas,Latin America and the Caribbean,Caribbean,High income,,Weighted regression analysis,Yes,0.003861688,1.607103903,501,501 km,M,943,0,705,0,612,1694,561,260,0,125,257,193,5985,2422,13845,2456,1166,11067,155347,797664,34347,5. Latin America and the Caribbean
LCA,Saint Lucia,Latin America and the Caribbean,Americas,Latin America and the Caribbean,Caribbean,Upper-middle income,,Weighted regression analysis,Yes,,,158,158 km,M,57,0,1177,0,766,213,251,23,0,108,162,99,2626,3021,5862,1146,540,13843,13771,48816,14291,5. Latin America and the Caribbean
VCT,Saint Vincent and the Grenadines,Latin America and the Caribbean,Americas,Latin America and the Caribbean,Caribbean,Upper-middle income,,Weighted regression analysis,Yes,,,84,84 km,M,51,0,2290,0,281,241,282,15,0,57,93,60,4407,1125,10061,654,307,5089,8878,30606,12457,5. Latin America and the Caribbean
TTO,Trinidad and Tobago,Latin America and the Caribbean,Americas,Latin America and the Caribbean,Caribbean,High income,,Weighted regression analysis,Yes,,,362,362 km,M,732,0,9470,0,1165,1937,2313,297,0,239,418,876,21851,4566,53483,5410,2587,21046,177559,449964,26270,5. Latin America and the Caribbean
VIR,United States Virgin Islands,Latin America and the Caribbean,Americas,Latin America and the Caribbean,Caribbean,High income,,Weighted regression analysis,Yes,6.6E-05,0.041563094,317,Baker Island: 4.8 km; Howland Island: 6.4 km; Jarvis Island: 8 km; Johnston Atoll: 34 km; Kingman Reef: 3 km; Midway Islands: 15 km; Palmyra Atoll: 14.5 km,M,39,0,106,0,92,143,194,24,0,19,85,69,756,375,1598,573,268,1672,9383,35456,,5. Latin America and the Caribbean
BLZ,Belize,Latin America and the Caribbean,Americas,Latin America and the Caribbean,Central America,Upper-middle income,,Weighted regression analysis,Yes,0.026117419,6.23187721,386,386 km,M,137,0,5183,0,1411,649,800,63,0,860,217,559,10318,5514,24443,5023,2400,28319,23960,100282,7179,5. Latin America and the Caribbean
CRI,Costa Rica,Latin America and the Caribbean,Americas,Latin America and the Caribbean,Central America,Upper-middle income,Labour force survey ,Estimates from survey (LFS/HIES),Yes,0.049631264,10.22973719,1290,"1,290 km",I+M,999,520,8562,400,6583,2874,3301,40,0,310,590,442,24547,26629,60387,4080,1946,253751,386621,1437169,18009,5. Latin America and the Caribbean
SLV,El Salvador,Latin America and the Caribbean,Americas,Latin America and the Caribbean,Central America,Lower-middle income,,Weighted regression analysis,Yes,0.043183286,6.77874044,307,307 km,I+M,2271,4803,13029,1836,4981,6003,8075,1446,69,1393,4990,3059,51207,26005,130070,32802,15958,487324,550462,1571185,8039,5. Latin America and the Caribbean
GTM,Guatemala,Latin America and the Caribbean,Americas,Latin America and the Caribbean,Central America,Lower-middle income,Houesheold Income and Expenditure survey ,Estimates from survey (LFS/HIES),Yes,0.13065159,22.78217902,400,400 km,I+M,1629,3477,16332,2104,9882,4941,6953,276,298,2503,1241,2891,49949,45331,126736,21519,10427,1891364,1352850,3193950,8222,5. Latin America and the Caribbean
HND,Honduras,Latin America and the Caribbean,Americas,Latin America and the Caribbean,Central America,Lower-middle income,,Weighted regression analysis,Yes,0.136032975,17.21537976,823,"823 km (Caribbean Sea 669 km, Gulf of Fonseca 163 km)",I+M,3411,2903,18141,2990,18687,9019,10061,2419,62,2549,7496,3811,65050,81244,166963,49046,23952,1048469,826937,1957522,5147,5. Latin America and the Caribbean
MEX,Mexico,Latin America and the Caribbean,Americas,Latin America and the Caribbean,Central America,Upper-middle income,Houesheold Income and Expenditure survey ,Estimates from survey (LFS/HIES),Yes,1.419706572,230.5367807,9330,"9,330 km",I+M,23368,13477,205073,7707,117279,50988,81239,1660,401,14564,20883,16762,546266,456065,1538259,164282,81156,6852792,13466526,31977605,19314,5. Latin America and the Caribbean
NIC,Nicaragua,Latin America and the Caribbean,Americas,Latin America and the Caribbean,Central America,Lower-middle income,Labour force survey ,Estimates from survey (LFS/HIES),Yes,0.888362085,38.90983907,910,910 km,I+M,1101,4554,21450,3196,15056,4917,7055,317,109,3721,4536,3085,58457,68587,149346,35249,17160,846473,487856,1443553,5694,5. Latin America and the Caribbean
PAN,Panama,Latin America and the Caribbean,Americas,Latin America and the Caribbean,Central America,Upper-middle income,Labour force survey ,Estimates from survey (LFS/HIES),Yes,0.086801801,11.80114313,2490,"2,490 km",I+M,2215,6507,22987,2118,7482,6376,13676,369,84,1662,3599,4590,77197,36430,199625,30834,14991,283812,339787,1223932,27829,5. Latin America and the Caribbean
ARG,Argentina,Latin America and the Caribbean,Americas,Latin America and the Caribbean,South America,Upper-middle income,Houesheold Income and Expenditure survey ,Estimates from survey (LFS/HIES),Yes,2.86096752,340.8978507,4989,"4,989 km",I+M,4207,5415,16609,926,2842,10157,12772,2024,0,1534,7334,6244,73359,14505,189279,51462,25143,22623,4150676,13917985,20308,5. Latin America and the Caribbean
BOL,Bolivia,Latin America and the Caribbean,Americas,Latin America and the Caribbean,South America,Lower-middle income,Houesheold Income and Expenditure survey ,Estimates from survey (LFS/HIES),Yes,1.108086719,148.0499748,0,0 km (landlocked),I,2392,18747,0,4947,0,6886,9024,,0,0,,,55456,18964,141352,0,0,1454879,1018977,2427663,7500,5. Latin America and the Caribbean
BRA,Brazil,Latin America and the Caribbean,Americas,Latin America and the Caribbean,South America,Upper-middle income,Houesheold Income and Expenditure survey ,Estimates from survey (LFS/HIES),Yes,11.18208485,1902.422351,7491,"7,491 km",I+M,53410,108499,384680,39643,140552,82727,141898,3211,9788,19859,39464,66631,1117278,653854,3245793,423377,211044,9186314,18925547,62506031,14256,5. Latin America and the Caribbean
CHL,Chile,Latin America and the Caribbean,Americas,Latin America and the Caribbean,South America,High income,Houesheold Income and Expenditure survey ,Estimates from survey (LFS/HIES),Yes,1.49963673,228.5663523,6435,"6,435 km",M,8214,0,73534,0,20784,38372,28388,944,0,8451,10516,7497,218994,77947,592608,82577,40527,795850,1931721,5667202,22710,5. Latin America and the Caribbean
COL,Colombia,Latin America and the Caribbean,Americas,Latin America and the Caribbean,South America,Upper-middle income,Houesheold Income and Expenditure survey ,Estimates from survey (LFS/HIES),Yes,1.258132499,307.0305224,3208,"3,208 km (Caribbean Sea 1,760 km, North Pacific Ocean 1,448 km)",I+M,33679,250044,40705,65991,10743,96934,142194,738,0,6375,9222,7322,819197,282092,2347892,71204,34896,3716778,4507902,14995976,13952,5. Latin America and the Caribbean
ECU,Ecuador,Latin America and the Caribbean,Americas,Latin America and the Caribbean,South America,Upper-middle income,Houesheold Income and Expenditure survey ,Estimates from survey (LFS/HIES),Yes,0.173867531,36.78670414,2237,"2,237 km",I+M,27434,11351,111705,37532,14967,48821,52565,19955,0,63281,106017,62831,369317,194121,1022398,771254,386655,2067278,1429091,4176719,11034,5. Latin America and the Caribbean
GUY,Guyana,Latin America and the Caribbean,Americas,Latin America and the Caribbean,South America,Upper-middle income,,Weighted regression analysis,Yes,0.224047163,43.17204329,459,459 km,I+M,256,2221,5400,479,1165,901,1156,104,6,805,987,602,15081,6409,36322,7418,3558,49005,62018,159775,8830,5. Latin America and the Caribbean
PRY,Paraguay,Latin America and the Caribbean,Americas,Latin America and the Caribbean,South America,Upper-middle income,,Weighted regression analysis,Yes,0.31869566,61.75549501,0,0 km (landlocked),I,2534,30577,0,8034,0,6700,9631,148,89,0,225,181,73777,30571,190403,1887,894,674421,614356,1873937,12030,5. Latin America and the Caribbean
PER,Peru,Latin America and the Caribbean,Americas,Latin America and the Caribbean,South America,Upper-middle income,Houesheold Income and Expenditure survey ,Estimates from survey (LFS/HIES),Yes,1.480025845,244.6533277,2414,"2,414 km",I+M,4968,18885,73664,13568,233,24902,107444,986,0,8631,18944,10748,337372,52083,930291,118731,58473,4643789,2654532,9067571,12013,5. Latin America and the Caribbean
SUR,Suriname,Latin America and the Caribbean,Americas,Latin America and the Caribbean,South America,Upper-middle income,,Weighted regression analysis,Yes,0.50840006,55.68241182,386,386 km,I+M,188,683,5423,106,846,737,921,76,119,867,414,670,12103,3743,28871,6353,3043,15066,45674,134081,14207,5. Latin America and the Caribbean
URY,Uruguay,Latin America and the Caribbean,Americas,Latin America and the Caribbean,South America,High income,Houesheold Income and Expenditure survey ,Estimates from survey (LFS/HIES),Yes,0.327042361,42.83488097,660,660 km,I+M,1626,2895,3384,821,960,2424,2764,1462,0,1001,2643,1437,19817,6935,48299,19517,9448,132698,323589,1157324,20670,5. Latin America and the Caribbean
VEN,"Venezuela, Bolivarian Republic of",Latin America and the Caribbean,Americas,Latin America and the Caribbean,South America,Upper-middle income,,Weighted regression analysis,Yes,1.016610527,183.1546381,2800,"2,800 km",I+M,9812,8020,104523,2236,29138,25945,46149,4484,240,4123,6405,17483,285909,116925,782721,98750,48547,934915,2378906,8979188,,5. Latin America and the Caribbean
CAN,Canada,Northern America,Americas,Northern America,Northern America,High income,,Weighted regression analysis,Yes,80.59689277,6376.665922,202080,"202,080 km",I+M,5860,2627,41802,690,10982,14797,19313,993,0,10523,15512,11201,118745,45909,404849,97157,46052,294261,3672632,14669276,46480,7. Northern America
USA,United States,Northern America,Americas,Northern America,Northern America,High income,Labour force survey ,Estimates from survey (LFS/HIES),Yes,31.76746636,1999.198771,19924,"19,924 km",I+M,29706,19748,96419,8679,42378,156809,87736,2911,0,25447,7113,34031,540320,196344,1967832,177366,84555,2211451,30598545,121858539,57928,7. Northern America
BHR,Bahrain,Asia,Arab States,Arab States,Arab States,High income,,Weighted regression analysis,Yes,,,161,161 km,M,375,0,10393,0,5639,3950,2616,0,0,1,1,4,35237,24024,78998,19,11,8491,286132,515480,44790,1. Arab States
IRQ,Iraq,Asia,Arab States,Arab States,Arab States,Upper-middle income,Houesheold Income and Expenditure survey ,Estimates from survey (LFS/HIES),Yes,0.597848356,69.7213764,58,58 km,I+M,1607,14357,1781,8369,820,4957,27471,,0,0,,,100836,38858,236656,0,0,1621388,2031208,5099473,9897,1. Arab States
JOR,Jordan,Asia,Arab States,Arab States,Arab States,Lower-middle income,Labour force survey ,Estimates from survey (LFS/HIES),Yes,0.041130314,2.248340691,26,26 km,I+M,396,379,332,2766,301,560,469,,0,0,,,4443,13189,9102,0,0,67122,515434,1471510,9284,1. Arab States
KWT,Kuwait,Asia,Arab States,Arab States,Arab States,High income,,Weighted regression analysis,Yes,,,499,499 km,M,453,0,1966,0,1764,2765,7718,18,0,7,4,29,26311,7650,58242,182,105,47953,549431,1619585,44685,1. Arab States
LBN,Lebanon,Asia,Arab States,Arab States,Arab States,Upper-middle income,,Weighted regression analysis,Yes,0.000682309,0.215932662,225,225 km,I+M,490,554,3673,479,3175,1476,7685,8,0,47,104,121,28281,15671,62800,891,521,305668,500838,1348616,15487,1. Arab States
PSE,Occupied Palestinian Territory,Asia,Arab States,Arab States,Arab States,Lower-middle income,Labour force survey ,Estimates from survey (LFS/HIES),Yes,0.020045195,0.835452795,40,40 Km,M,294,0,859,0,5833,2423,5172,,0,0,,,17914,24838,38996,0,0,68372,280797,579695,5495,1. Arab States
OMN,Oman,Asia,Arab States,Arab States,Arab States,High income,,Weighted regression analysis,Yes,0.000156807,0.056478608,2092,"2,092 km",M,981,0,25035,0,10328,10699,7152,63,0,523,130,623,88290,43597,206018,4305,2552,115440,813075,1474171,28926,1. Arab States
QAT,Qatar,Asia,Arab States,Arab States,Arab States,High income,,Weighted regression analysis,Yes,,,563,563 km,M,668,0,2315,0,3226,3440,6913,,0,0,,,27187,13862,60267,0,0,24416,1091907,885174,83102,1. Arab States
SAU,Saudi Arabia,Asia,Arab States,Arab States,Arab States,High income,,Weighted regression analysis,Yes,0.000988091,0.321370101,2640,"2,640 km",M,2716,0,25023,0,23475,8838,51035,68,0,434,807,982,175028,97857,420768,7392,4405,638124,3144397,9056995,45486,1. Arab States
SYR,Syrian Arab Republic,Asia,Arab States,Arab States,Arab States,Lower-middle income,,Weighted regression analysis,Yes,0.081361096,5.722023215,193,193 km,I+M,1002,2879,6655,2920,6749,3613,17370,20,0,85,186,226,63663,40856,146451,1649,969,553831,1315431,2881411,,1. Arab States
ARE,United Arab Emirates,Asia,Arab States,Arab States,Arab States,High income,,Weighted regression analysis,Yes,,,1318,"1,318 km",M,1695,0,26017,0,8269,6286,32976,,0,0,,,134184,35024,318868,0,0,116019,2288655,4097018,63969,1. Arab States
YEM,Yemen,Asia,Arab States,Arab States,Arab States,Lower-middle income,Labour force survey ,Estimates from survey (LFS/HIES),Yes,0.033517462,6.296330817,1906,"1,906 km",M,1585,0,36648,0,47453,18518,16129,75,0,597,261,762,145884,195696,347933,5456,3242,1549244,605893,3116053,,1. Arab States
CHN,China,Asia,Asia and the Pacific,Eastern Asia,Eastern Asia,Upper-middle income,Houesheold Income and Expenditure survey ,Estimates from survey (LFS/HIES),Yes,9.54181178,1278.871761,14500,"14,500 km",I+M,384823,3941856,2733529,10306565,7147215,1558994,9449153,76431,615360,364128,129322,849168,49121360,93033904,61077860,6516363,4047669,212899656,221354172,334337062,13573,3. Eastern Asia
HKG,"Hong Kong, China",Asia,Asia and the Pacific,Eastern Asia,Eastern Asia,High income,,Weighted regression analysis,Yes,,,733,733 km,I+M,1212,199,14134,39,2792,3632,44522,9,10,33,21,138,179391,17242,184019,631,359,7067,452728,3309000,57221,3. Eastern Asia
JPN,Japan,Asia,Asia and the Pacific,Eastern Asia,Eastern Asia,High income,,Weighted regression analysis,Yes,0.331260341,61.16174895,29751,"29,751 km",I+M,27990,16184,235893,12013,175096,113391,629529,5559,1818,18121,8613,27343,2868350,1068910,3151501,192132,115406,2282350,16099865,46788238,39971,3. Eastern Asia
PRK,"Korea, Democratic People's Republic of",Asia,Asia and the Pacific,Eastern Asia,Eastern Asia,Low income,,Weighted regression analysis,Yes,0.106287513,29.16232456,2495,"2,495 km",I+M,4659,122548,188637,137540,211715,65187,71929,3773,23284,38520,7826,32785,1281232,1976278,1359155,333245,201219,8056000,2280287,5345987,,3. Eastern Asia
KOR,"Korea, Republic of",Asia,Asia and the Pacific,Eastern Asia,Eastern Asia,High income,,Weighted regression analysis,Yes,0.099281832,29.61238097,2413,"2,413 km",I+M,11584,9441,74712,25312,200297,84942,251780,2301,880,4963,8177,8850,1223850,1285174,1295696,78208,46576,1284630,6663340,18712934,39567,3. Eastern Asia
MNG,Mongolia,Asia,Asia and the Pacific,Eastern Asia,Eastern Asia,Lower-middle income,Labour force survey ,Estimates from survey (LFS/HIES),Yes,1.822356649,87.66474909,0,0 km (landlocked),I,392,4088,0,29523,0,1587,9026,,0,0,,,40569,173484,44279,0,0,360131,225265,600797,10743,3. Eastern Asia
TWN,"Taiwan, China",Asia,Asia and the Pacific,Eastern Asia,Eastern Asia,High income,,Weighted regression analysis,Yes,0.01539909,4.345127242,1566.300049,"1,566.3 km",I+M,7467,9001,31200,26841,93036,30250,89935,1483,0,13431,2298,14639,479881,689504,487753,99129,59169,591719,4295047,6684243,,3. Eastern Asia
AUS,Australia,Oceania,Asia and the Pacific,South-Eastern Asia and the Pacific,Pacific Islands,High income,,Weighted regression analysis,Yes,2.004716844,368.1904489,25760,"25,760 km",I+M,9018,39408,7230,618540,113482,33710,63364,226,0,1879,4021,2871,240321,3024322,607272,26023,11835,315721,2332886,9401799,47350,9. South-Eastern Asia and the Pacific
FJI,Fiji,Oceania,Asia and the Pacific,South-Eastern Asia and the Pacific,Pacific Islands,Upper-middle income,Labour force survey ,Estimates from survey (LFS/HIES),Yes,0.0000789,0.040363246,1129,"1,129 km",I+M,1037,433,6796,0,8571,1025,4857,52,0,623,170,1433,22838,37900,52087,6526,2929,132643,44785,163570,12632,9. South-Eastern Asia and the Pacific
PYF,French Polynesia,Oceania,Asia and the Pacific,South-Eastern Asia and the Pacific,Pacific Islands,High income,Houesheold Income and Expenditure survey ,Estimates from survey (LFS/HIES),Yes,,,2525,"2,525 km",I+M,566,330,5175,391,6135,1473,2880,37,0,474,119,479,16882,28978,38001,3163,1410,7606,15129,78277,,9. South-Eastern Asia and the Pacific
GUM,Guam,Oceania,Asia and the Pacific,South-Eastern Asia and the Pacific,Pacific Islands,High income,,Weighted regression analysis,Yes,0,0,125.5,125.5 km,M,374,0,1100,0,4844,821,1565,28,0,352,90,364,6319,21607,13628,2373,1055,194,11027,63752,,9. South-Eastern Asia and the Pacific
KIR,Kiribati,Oceania,Asia and the Pacific,South-Eastern Asia and the Pacific,Pacific Islands,Lower-middle income,Census,Estimates from survey (LFS/HIES),Yes,0,0,1143,"1,143 km",M,404,0,2990,0,67337,918,1495,19,0,267,64,350,9464,288529,20773,1986,882,,,,2211,9. South-Eastern Asia and the Pacific
NCL,New Caledonia,Oceania,Asia and the Pacific,South-Eastern Asia and the Pacific,Pacific Islands,High income,Houesheold Income and Expenditure survey ,Estimates from survey (LFS/HIES),Yes,0,0,2254,"2,254 km",M,113,0,993,0,1593,708,1208,8,0,67,25,111,4960,7228,10583,593,260,2442,24652,88051,,9. South-Eastern Asia and the Pacific
NZL,New Zealand,Oceania,Asia and the Pacific,South-Eastern Asia and the Pacific,Pacific Islands,High income,,Weighted regression analysis,Yes,0.72459864,111.8935185,15134,"15,134 km",I+M,1198,8036,1899,0,0,3046,4730,60,0,493,1121,1401,30430,,70275,8828,3974,159902,495400,1802196,39991,9. South-Eastern Asia and the Pacific
PNG,Papua New Guinea,Oceania,Asia and the Pacific,South-Eastern Asia and the Pacific,Pacific Islands,Lower-middle income,Labour force survey ,Estimates from survey (LFS/HIES),Yes,5.09471804,626.3481681,5152,"5,152 km",I+M,5869,62892,79369,69214,87347,27942,43381,477,0,7099,8555,12849,343967,662248,882857,84502,38862,1466669,157653,798600,4209,9. South-Eastern Asia and the Pacific
WSM,Samoa,Oceania,Asia and the Pacific,South-Eastern Asia and the Pacific,Pacific Islands,Upper-middle income,,Weighted regression analysis,Yes,,,403,403 km,I+M,312,157,7735,141,6964,1044,2142,27,0,387,88,331,18430,31508,41642,2371,1054,15359,11115,21669,6337,9. South-Eastern Asia and the Pacific
SLB,Solomon Islands,Oceania,Asia and the Pacific,South-Eastern Asia and the Pacific,Pacific Islands,Lower-middle income,,Weighted regression analysis,Yes,0,0,5313,"5,313 km",M,1454,0,55569,0,19874,5081,11511,103,0,1445,459,1298,116747,86760,285878,9492,4276,121236,28940,157402,2272,9. South-Eastern Asia and the Pacific
TON,Tonga,Oceania,Asia and the Pacific,South-Eastern Asia and the Pacific,Pacific Islands,Upper-middle income,,Weighted regression analysis,Yes,0,0,419,419 km,M,245,0,5733,0,5065,750,1538,14,0,179,46,178,13422,22578,29911,1181,521,9784,11143,17293,6092,9. South-Eastern Asia and the Pacific
VUT,Vanuatu,Oceania,Asia and the Pacific,South-Eastern Asia and the Pacific,Pacific Islands,Lower-middle income,,Weighted regression analysis,Yes,0,0,2528,"2,528 km",M,443,0,2499,0,15218,1243,2981,37,0,533,247,571,11652,66705,25808,3966,1771,65228,7040,41323,3009,9. South-Eastern Asia and the Pacific
BRN,Brunei Darussalam,Asia,Asia and the Pacific,South-Eastern Asia and the Pacific,South-Eastern Asia,High income,,Weighted regression analysis,Yes,0.00105294,0.347094558,161,161 km,M,139,0,248,0,1107,707,1094,20,0,47,173,94,3604,5051,7586,944,416,1933,32367,157268,56296,9. South-Eastern Asia and the Pacific
KHM,Cambodia,Asia,Asia and the Pacific,South-Eastern Asia and the Pacific,South-Eastern Asia,Lower-middle income,Labour force survey ,Estimates from survey (LFS/HIES),Yes,2.160854655,178.8276903,443,443 km,I+M,6669,115469,47128,760381,201744,34054,673991,1464,1074,19575,9307,20011,1354746,3958417,3691143,150560,69625,3320514,2278824,3245870,3675,9. South-Eastern Asia and the Pacific
IDN,Indonesia,Asia,Asia and the Pacific,South-Eastern Asia and the Pacific,South-Eastern Asia,Lower-middle income,Labour force survey ,Estimates from survey (LFS/HIES),Yes,1.266817396,308.7474812,54716,"54,716 km",I+M,100048,311263,1941665,194257,1211780,250351,714028,8001,0,103236,22612,92658,5049907,5751345,14570489,669914,314227,38356922,26186283,55998586,10495,9. South-Eastern Asia and the Pacific
LAO,Lao People's Democratic Republic,Asia,Asia and the Pacific,South-Eastern Asia and the Pacific,South-Eastern Asia,Lower-middle income,Labour force survey ,Estimates from survey (LFS/HIES),Yes,0.161068425,42.52023986,0,0 km (landlocked),I,2445,30872,0,1061214,0,15231,107192,237,587,0,2080,2183,245006,4359561,619632,14652,6627,2317486,388403,857659,6844,9. South-Eastern Asia and the Pacific
MYS,Malaysia,Asia,Asia and the Pacific,South-Eastern Asia and the Pacific,South-Eastern Asia,Upper-middle income,,Weighted regression analysis,Yes,0.17671064,40.35961467,4675,"4,675 km (Peninsular Malaysia 2,068 km, East Malaysia 2,607 km)",I+M,10445,14817,45309,54329,166130,62369,142258,2401,927,7864,21105,22315,430293,927671,1115254,159940,74005,1630375,3941865,8768463,25546,9. South-Eastern Asia and the Pacific
MMR,Myanmar,Asia,Asia and the Pacific,South-Eastern Asia and the Pacific,South-Eastern Asia,Lower-middle income,Labour force survey ,Estimates from survey (LFS/HIES),Yes,0.600739663,175.5116699,1930,"1,930 km",I+M,13738,312811,292677,1027539,961400,173363,494469,7579,5304,128637,21598,98353,1979302,8092694,5482599,774096,363594,12446533,3975853,7907920,4492,9. South-Eastern Asia and the Pacific
PHL,Philippines,Asia,Asia and the Pacific,South-Eastern Asia and the Pacific,South-Eastern Asia,Lower-middle income,Labour force survey ,Estimates from survey (LFS/HIES),Yes,0.214077919,25.5278312,36289,"36,289 km",I+M,44878,109734,1048969,125216,1196960,247841,832339,3983,2812,49271,11415,61634,3490487,5413400,9910394,380389,177465,11536261,7446268,23692723,7704,9. South-Eastern Asia and the Pacific
THA,Thailand,Asia,Asia and the Pacific,South-Eastern Asia and the Pacific,South-Eastern Asia,Upper-middle income,Labour force survey ,Estimates from survey (LFS/HIES),Yes,0.301173155,49.3373769,3219,"3,219 km",I+M,19529,13560,134209,1487447,0,76882,147763,10534,292,10396,3119,12878,610507,6079128,1606633,108713,50117,11965904,9090942,17339471,16619,9. South-Eastern Asia and the Pacific
TLS,Timor-Leste,Asia,Asia and the Pacific,South-Eastern Asia and the Pacific,South-Eastern Asia,Lower-middle income,Houesheold Income and Expenditure survey ,Estimates from survey (LFS/HIES),Yes,0.003041672,0.611307688,706,706 km,M,400,0,7259,0,56172,4212,11081,,0,0,,,36859,241356,85837,0,0,222589,46727,204641,3141,9. South-Eastern Asia and the Pacific
VNM,Viet Nam,Asia,Asia and the Pacific,South-Eastern Asia and the Pacific,South-Eastern Asia,Lower-middle income,Labour force survey ,Estimates from survey (LFS/HIES),Yes,0.193918969,51.82681964,3444,"3,444 km (excludes islands)",I+M,19658,75524,460180,41996,374879,165385,209716,25533,3920,106392,291338,80319,1435912,1737181,3922219,1509392,713486,22952674,13576054,18296906,6573,9. South-Eastern Asia and the Pacific
AFG,Afghanistan,Asia,Asia and the Pacific,Southern Asia,Southern Asia,Low income,,Weighted regression analysis,Yes,0.106751663,16.28332913,0,0 km (landlocked),I,6027,47563,0,595872,0,35482,100755,60,437,0,189,1025,406834,2559493,844132,5727,3240,3886143,1470153,3128126,2129,10. Southern Asia
BGD,Bangladesh,Asia,Asia and the Pacific,Southern Asia,Southern Asia,Lower-middle income,Labour force survey ,Estimates from survey (LFS/HIES),Yes,0.403777195,87.84194935,580,580 km,I+M,53959,751943,274458,8826884,877778,503395,1606060,32951,0,16288,4786,57424,6632035,39945440,15539461,383841,225982,25995477,12467592,22467262,3849,10. Southern Asia
BTN,Bhutan,Asia,Asia and the Pacific,Southern Asia,Southern Asia,Lower-middle income,,Weighted regression analysis,Yes,0.001015063,0.440869948,0,0 km (landlocked),I,226,1528,0,54102,0,2048,5250,74,62,0,24,114,20045,241064,36480,906,504,198911,35215,113987,10457,10. Southern Asia
IND,India,Asia,Asia and the Pacific,Southern Asia,Southern Asia,Lower-middle income,Labour force survey ,Estimates from survey (LFS/HIES),Yes,2.468476522,601.4201455,7000,"7,000 km",I+M,178469,5032058,1519396,3390383,151494,1152571,1698200,10211,0,108620,168183,262313,19685276,14804995,48362572,1912930,1143571,204969719,108892258,140180688,5840,10. Southern Asia
IRN,"Iran, Islamic Republic of",Asia,Asia and the Pacific,Southern Asia,Southern Asia,Upper-middle income,,Weighted regression analysis,Yes,1.292832104,50.94521398,2440,"2,440 km - note: Iran also borders the Caspian Sea (740 km)",I+M,30392,11711,125183,40219,429902,176996,243000,17724,571,20686,5451,27074,1243459,2026671,2708677,245518,143932,4182691,7413926,11661754,14012,10. Southern Asia
MDV,Maldives,Asia,Asia and the Pacific,Southern Asia,Southern Asia,Upper-middle income,Houesheold Income and Expenditure survey ,Estimates from survey (LFS/HIES),Yes,,,644,644 km,M,441,0,10216,0,12199,3992,2139,273,0,4627,5689,5738,36931,55607,69024,55489,32073,22103,44886,172319,17411,10. Southern Asia
NPL,Nepal,Asia,Asia and the Pacific,Southern Asia,Southern Asia,Low income,,Weighted regression analysis,Yes,0.034244729,11.69292628,0,0 km (landlocked),I,8845,107779,0,1310820,0,51513,192837,157,1387,0,497,2532,768305,5563051,1638900,15406,8797,10164027,2157749,2846033,2583,10. Southern Asia
PAK,Pakistan,Asia,Asia and the Pacific,Southern Asia,Southern Asia,Lower-middle income,Labour force survey ,Estimates from survey (LFS/HIES),Yes,0.479316438,116.9252311,1046,"1,046 km",I+M,29430,141357,178540,2098473,894327,277906,802530,2270,15366,10010,6856,35795,2998429,12542089,6786849,241336,141458,28134014,15701004,22716207,4410,10. Southern Asia
LKA,Sri Lanka,Asia,Asia and the Pacific,Southern Asia,Southern Asia,Lower-middle income,,Weighted regression analysis,Yes,0.132774098,24.027561,1340,"1,340 km",I+M,9033,24505,272404,28666,318658,52603,80911,6314,787,119294,111621,62729,933369,1504241,2007952,1042929,619885,2262643,2203415,3882963,12224,10. Southern Asia
KAZ,Kazakhstan,Asia,Europe and Central Asia,Central and Western Asia,Central Asia,Upper-middle income,,Weighted regression analysis,Yes,,,0,"0 km (landlocked); note - Kazakhstan borders the Aral Sea, now split into two bodies of water (1,070 km), and the Caspian Sea (1,894 km)",I,3680,10704,0,,,3107,16924,,0,0,,,88589,,170418,0,0,1507674,1767281,5363600,23819,2. Central and Western Asia
KGZ,Kyrgyzstan,Asia,Europe and Central Asia,Central and Western Asia,Central Asia,Lower-middle income,Houesheold Income and Expenditure survey ,Estimates from survey (LFS/HIES),Yes,,,0,0 km (landlocked),I,1087,865,0,,,859,496,,0,0,,,8728,,15179,0,0,632951,521907,1207781,4681,2. Central and Western Asia
TJK,Tajikistan,Asia,Europe and Central Asia,Central and Western Asia,Central Asia,Lower-middle income,,Weighted regression analysis,Yes,,,0,0 km (landlocked),I,671,1861,0,,,502,7364,930,465,0,108,647,27111,,49532,6937,4131,973906,322109,757291,3097,2. Central and Western Asia
TKM,Turkmenistan,Asia,Europe and Central Asia,Central and Western Asia,Central Asia,Upper-middle income,,Weighted regression analysis,Yes,,,0,"0 km (landlocked); note - Turkmenistan borders the Caspian Sea (1,768 km)",I,315,748,0,,,1295,632,,0,0,,,7902,,13683,0,0,515274,1014677,903234,13866,2. Central and Western Asia
UZB,Uzbekistan,Asia,Europe and Central Asia,Central and Western Asia,Central Asia,Lower-middle income,,Weighted regression analysis,Yes,,,0,0 km (doubly landlocked); note - Uzbekistan includes the southern portion of the Aral Sea with a 420 km shoreline,I,1230,2800,0,,,4976,2594,,0,0,,,30209,,55453,0,0,3590324,3897157,6357629,6453,2. Central and Western Asia
ARM,Armenia,Asia,Europe and Central Asia,Central and Western Asia,Western Asia,Lower-middle income,Houesheold Income and Expenditure survey ,Estimates from survey (LFS/HIES),Yes,,,0,0 km (landlocked),I,581,693,0,,,296,386,,0,0,,,5195,,8832,0,0,362616,170355,546284,10704,2. Central and Western Asia
AZE,Azerbaijan,Asia,Europe and Central Asia,Central and Western Asia,Western Asia,Upper-middle income,,Weighted regression analysis,Yes,,,0,0 km (landlocked); note - Azerbaijan borders the Caspian Sea (713 km),I,1406,817,0,,,1208,662,,0,0,,,10778,,18916,0,0,1711887,675050,2323813,14371,2. Central and Western Asia
CYP,Cyprus,Asia,Europe and Central Asia,Central and Western Asia,Western Asia,High income,,Weighted regression analysis,Yes,,,648,648 km,I+M,186,36,522,,,218,285,391,0,380,84,368,3328,,5549,3928,2327,19127,89509,416339,35389,2. Central and Western Asia
GEO,Georgia,Asia,Europe and Central Asia,Central and Western Asia,Western Asia,Upper-middle income,,Weighted regression analysis,Yes,,,310,310 km,I+M,841,733,110,,,438,557,637,0,467,111,499,7090,,12218,5519,3280,810823,220431,819339,12858,2. Central and Western Asia
ISR,Israel,Asia,Europe and Central Asia,Central and Western Asia,Western Asia,High income,,Weighted regression analysis,Yes,,,273,273 km,I+M,1757,795,651,,,1802,1025,66,0,518,138,694,15816,,28226,4556,2703,36375,625295,2911795,37844,2. Central and Western Asia
TUR,Turkey,Asia,Europe and Central Asia,Central and Western Asia,Western Asia,Upper-middle income,,Weighted regression analysis,Yes,,,7200,"7,200 km",I+M,15330,4300,19500,,,9398,13359,21258,0,14577,2668,13098,158300,,312317,170122,104457,5361176,7361167,14769345,26329,2. Central and Western Asia
BLR,Belarus,Europe,Europe and Central Asia,Eastern Europe,Eastern Europe,Upper-middle income,,Weighted regression analysis,Yes,,,0,0 km (landlocked),I,514,817,0,,,1945,2599,,0,0,,,13683,,25084,0,0,464908,1507123,2808099,17726,4. Eastern Europe
BGR,Bulgaria,Europe,Europe and Central Asia,Eastern Europe,Eastern Europe,Upper-middle income,Houesheold Income and Expenditure survey ,Estimates from survey (LFS/HIES),Yes,,,354,354 km,I+M,1898,854,4109,,,1345,1985,2307,618,715,3014,1444,23596,,44294,32019,15900,204453,901838,1921069,19886,4. Eastern Europe
CZE,Czech Republic,Europe,Europe and Central Asia,Eastern Europe,Eastern Europe,High income,,Weighted regression analysis,Yes,,,0,0 km (landlocked),I,4168,2599,0,,,2863,5598,63,456,0,146,922,35107,,67053,6201,3032,150915,1980229,3070214,35877,4. Eastern Europe
HUN,Hungary,Europe,Europe and Central Asia,Eastern Europe,Eastern Europe,High income,,Weighted regression analysis,Yes,,,0,0 km (landlocked),I,572,930,0,,,1735,2981,63,469,0,146,907,14474,,26599,6194,3028,222678,1344888,2850856,27700,4. Eastern Europe
MDA,"Moldova, Republic of",Europe,Europe and Central Asia,Eastern Europe,Eastern Europe,Lower-middle income,,Weighted regression analysis,Yes,,,0,0 km (landlocked),I,667,880,0,,,311,1265,,0,0,,,7324,,13065,0,0,473065,240671,690163,10610,4. Eastern Europe
POL,Poland,Europe,Europe and Central Asia,Eastern Europe,Eastern Europe,High income,,Weighted regression analysis,Yes,,,440,440 km,I+M,2014,693,2438,,,7001,11934,388,481,2979,888,5489,55242,,107615,40492,20152,1826126,5425746,10001485,28284,4. Eastern Europe
ROU,Romania,Europe,Europe and Central Asia,Eastern Europe,Eastern Europe,Upper-middle income,,Weighted regression analysis,Yes,,,225,225 km,I+M,746,751,34,,,2001,3684,78,472,100,183,1155,16770,,31016,7785,3814,1955476,2529158,3979503,24166,4. Eastern Europe
RUS,Russian Federation,Europe,Europe and Central Asia,Eastern Europe,Eastern Europe,Upper-middle income,Labour force survey ,Estimates from survey (LFS/HIES),Yes,,,37653,"37,653 km",I+M,45191,20000,59999,,,27020,153455,73598,0,97237,94571,95839,682322,,1482997,1466328,755144,4785204,19243604,47202969,24125,4. Eastern Europe
SVK,Slovakia,Europe,Europe and Central Asia,Eastern Europe,Eastern Europe,High income,,Weighted regression analysis,Yes,,,0,0 km (landlocked),I,298,301,0,,,755,1404,31,218,0,73,450,6477,,11493,3004,1458,72231,912367,1517165,29652,4. Eastern Europe
UKR,Ukraine,Europe,Europe and Central Asia,Eastern Europe,Eastern Europe,Lower-middle income,,Weighted regression analysis,Yes,,,2782,"2,782 km",I+M,9541,5999,1070,,,8953,17976,11597,477,7088,15151,10053,99246,,198334,177489,89586,2916106,4533050,11243834,11148,4. Eastern Europe
CHA,Channel Islands,Europe,Europe and Central Asia,"Northern, Southern and Western Europe",Northern Europe,High income,,Weighted regression analysis,Yes,,,70,70 Km,M,141,0,164,,,102,147,95,0,94,163,133,1137,,1951,1787,885,2991,18736,54771,,"8. Northern, Southern and Western Europe"
DNK,Denmark,Europe,Europe and Central Asia,"Northern, Southern and Western Europe",Northern Europe,High income,,Weighted regression analysis,Yes,0.253969,26.1301,7314,"7,314 km",I+M,3974,0,2001,,,2952,5986,2099,0,1000,2858,1654,29546,,58434,28600,14545,71629,527506,2230339,51971,"8. Northern, Southern and Western Europe"
EST,Estonia,Europe,Europe and Central Asia,"Northern, Southern and Western Europe",Northern Europe,High income,,Weighted regression analysis,Yes,0.326515,13.7331,3794,"3,794 km",I+M,1453,714,1393,,,1048,2474,767,13,800,1329,1045,14141,,27084,14788,7473,25260,192783,430564,31231,"8. Northern, Southern and Western Europe"
FIN,Finland,Europe,Europe and Central Asia,"Northern, Southern and Western Europe",Northern Europe,High income,,Weighted regression analysis,Yes,5.20215,733.029,1250,"1,250 km",I+M,4094,696,5227,,,2953,7721,2162,51,1975,3306,4402,40848,,81934,44838,22900,94784,543392,1814384,44930,"8. Northern, Southern and Western Europe"
ISL,Iceland,Europe,Europe and Central Asia,"Northern, Southern and Western Europe",Northern Europe,High income,,Weighted regression analysis,Yes,0.25351,57.4785,4970,"4,970 km",I+M,263,13,609,,,256,923,139,4,1060,246,1006,4177,,7586,9154,4605,7795,34940,157380,53025,"8. Northern, Southern and Western Europe"
IRL,Ireland,Europe,Europe and Central Asia,"Northern, Southern and Western Europe",Northern Europe,High income,,Weighted regression analysis,Yes,0.168206,39.2553,1448,"1,448 km",I+M,2935,185,2639,,,2837,4846,2116,60,2289,3653,3882,26661,,52494,45234,23104,111019,389570,1599968,71922,"8. Northern, Southern and Western Europe"
LVA,Latvia,Europe,Europe and Central Asia,"Northern, Southern and Western Europe",Northern Europe,High income,,Weighted regression analysis,Yes,0.154545,32.2478,498,498 km,I+M,233,118,129,,,618,247,38,38,300,1198,1517,2733,,4873,11542,5819,70509,221050,625127,26405,"8. Northern, Southern and Western Europe"
LTU,Lithuania,Europe,Europe and Central Asia,"Northern, Southern and Western Europe",Northern Europe,High income,,Weighted regression analysis,Yes,0.122564,37.2915,90,90 km,I+M,353,183,320,,,1001,1468,51,60,384,1874,756,6692,,12407,11671,5885,109747,345902,920396,30925,"8. Northern, Southern and Western Europe"
NOR,Norway,Europe,Europe and Central Asia,"Northern, Southern and Western Europe",Northern Europe,High income,Labour force survey ,Estimates from survey (LFS/HIES),Yes,1.78538,396.423,25148,"25,148 km (includes mainland 2,650 km, as well as long fjords, numerous small islands, and minor indentations 22,498 km; length of island coastlines 58,133 km)",I+M,5286,0,11374,,,2881,3864,3269,0,3811,5673,6696,46145,,93053,73558,37746,55347,515594,2077567,58934,"8. Northern, Southern and Western Europe"
SWE,Sweden,Europe,Europe and Central Asia,"Northern, Southern and Western Europe",Northern Europe,High income,,Weighted regression analysis,Yes,5.31206,783.011,3218,"3,218 km",I+M,6638,152,2868,,,4788,10383,3505,49,3008,5035,9385,48919,,98898,79403,40775,91273,880993,3868513,50425,"8. Northern, Southern and Western Europe"
GBR,United Kingdom,Europe,Europe and Central Asia,"Northern, Southern and Western Europe",Northern Europe,High income,,Weighted regression analysis,Yes,0.324796,91.9948,12429,"12,429 km",I+M,5500,670,8387,,,15682,8257,917,297,8387,32515,11131,75490,,155527,202801,105076,365347,6000764,26144861,44163,"8. Northern, Southern and Western Europe"
ALB,Albania,Europe,Europe and Central Asia,"Northern, Southern and Western Europe",Southern Europe,Upper-middle income,Labour force survey ,Estimates from survey (LFS/HIES),Yes,0.054264,6.85992,362,362 km,I+M,2036,1302,1616,,,2775,2690,979,454,2507,3724,2847,20721,,40352,39586,20194,440728,210628,457147,12003,"8. Northern, Southern and Western Europe"
BIH,Bosnia and Herzegovina,Europe,Europe and Central Asia,"Northern, Southern and Western Europe",Southern Europe,Upper-middle income,Houesheold Income and Expenditure survey ,Estimates from survey (LFS/HIES),Yes,0.01772,5.41027,20,20 km,I+M,2368,4200,1352,,,1708,1369,1250,98,773,1703,1238,21859,,42667,18969,9609,180459,314304,510171,12990,"8. Northern, Southern and Western Europe"
HRV,Croatia,Europe,Europe and Central Asia,"Northern, Southern and Western Europe",Southern Europe,Upper-middle income,,Weighted regression analysis,Yes,0.023958,8.33943,5835,"5,835 km (mainland 1,777 km, islands 4,058 km)",I+M,3256,203,6716,,,2348,2813,1719,66,3858,5262,3222,30373,,60142,53313,27274,121783,432100,1048012,24718,"8. Northern, Southern and Western Europe"
GRC,Greece,Europe,Europe and Central Asia,"Northern, Southern and Western Europe",Southern Europe,High income,Labour force survey ,Estimates from survey (LFS/HIES),Yes,0.108017,14.1323,13676,"13,676 km",I+M,4910,0,9591,,,2249,10786,2719,0,2943,1088,3901,54193,,110050,40116,20467,449367,553672,2628878,27823,"8. Northern, Southern and Western Europe"
ITA,Italy,Europe,Europe and Central Asia,"Northern, Southern and Western Europe",Southern Europe,High income,Labour force survey ,Estimates from survey (LFS/HIES),Yes,0.282726,47.993,7600,"7,600 km",I+M,17110,3316,12405,,,6492,31183,17165,1026,15185,23409,45001,137364,,290477,389416,203023,885985,5958229,15964611,39923,"8. Northern, Southern and Western Europe"
MKD,"Macedonia, the former Yugoslav Republic of",Europe,Europe and Central Asia,"Northern, Southern and Western Europe",Southern Europe,Upper-middle income,,Weighted regression analysis,Yes,0.056019058,2.269700132,0,0 km (landlocked),I,1658,7300,0,,,1196,1059,10,66,0,28,117,22284,,43533,809,398,120741,220106,385319,14983,"8. Northern, Southern and Western Europe"
MLT,Malta,Europe,Europe and Central Asia,"Northern, Southern and Western Europe",Southern Europe,High income,,Weighted regression analysis,Yes,,,196.8000031,196.8 km (excludes 56 km for the island of Gozo),M,294,0,164,,,215,417,155,0,120,239,377,2221,,3925,3300,1644,2298,39067,155361,38700,"8. Northern, Southern and Western Europe"
MNE,Montenegro,Europe,Europe and Central Asia,"Northern, Southern and Western Europe",Southern Europe,Upper-middle income,,Weighted regression analysis,Yes,0.029898,2.76598,293.5,293.5 km,I+M,296,797,0,,,213,760,156,0,683,213,727,4181,,7594,6617,3319,17404,39254,168099,18085,"8. Northern, Southern and Western Europe"
PRT,Portugal,Europe,Europe and Central Asia,"Northern, Southern and Western Europe",Southern Europe,High income,,Weighted regression analysis,Yes,0.049695,13.7826,1793,"1,793 km",I+M,8543,696,3526,,,6162,8520,4511,441,3869,6551,7701,54019,,109682,87369,44907,319949,1133871,3174210,31605,"8. Northern, Southern and Western Europe"
SRB,Serbia,Europe,Europe and Central Asia,"Northern, Southern and Western Europe",Southern Europe,Upper-middle income,,Weighted regression analysis,Yes,0.054841,17.4213,0,0 km (landlocked),I,525,791,0,,,513,596,55,425,0,157,664,4897,,8956,4829,2415,631455,828684,1932565,15734,"8. Northern, Southern and Western Europe"
SVN,Slovenia,Europe,Europe and Central Asia,"Northern, Southern and Western Europe",Southern Europe,High income,,Weighted regression analysis,Yes,0.000696,0.308064,46.59999847,46.6 km,I+M,213,77,404,,,549,1530,42,25,354,1658,1383,5595,,10293,12942,6532,46352,306041,570173,33868,"8. Northern, Southern and Western Europe"
ESP,Spain,Europe,Europe and Central Asia,"Northern, Southern and Western Europe",Southern Europe,High income,,Weighted regression analysis,Yes,0.335941,74.2137,4964,"4,964 km",I+M,4095,665,10256,,,19848,38082,14530,0,12331,19789,34423,142066,,300860,309679,161101,786667,3652082,14188523,37282,"8. Northern, Southern and Western Europe"
AUT,Austria,Europe,Europe and Central Asia,"Northern, Southern and Western Europe",Western Europe,High income,,Weighted regression analysis,Yes,0.056181,10.3828,0,0 km (landlocked),I,484,310,0,,,340,369,18,101,0,51,239,3052,,5468,1505,744,185642,1091370,2992388,52633,"8. Northern, Southern and Western Europe"
BEL,Belgium,Europe,Europe and Central Asia,"Northern, Southern and Western Europe",Western Europe,High income,,Weighted regression analysis,Yes,0.006044,2.30647,66.5,66.5 km,I+M,477,96,2,,,288,255,79,31,578,228,971,2278,,4029,7021,3523,57847,982995,3582145,48609,"8. Northern, Southern and Western Europe"
FRA,France,Europe,Europe and Central Asia,"Northern, Southern and Western Europe",Western Europe,High income,,Weighted regression analysis,Yes,0.309496,83.1527,4853,"4,853 km",I+M,5388,675,13495,,,29842,55798,797,302,7279,29752,12424,204073,,439048,192479,99679,777067,5490949,20789230,42920,"8. Northern, Southern and Western Europe"
DEU,Germany,Europe,Europe and Central Asia,"Northern, Southern and Western Europe",Western Europe,High income,,Weighted regression analysis,Yes,0.363723,99.9873,2389,"2,389 km",I+M,5687,689,6321,,,5835,7406,684,280,5565,1896,8618,51079,,103460,64403,33006,539017,11282072,29381832,50564,"8. Northern, Southern and Western Europe"
LUX,Luxembourg,Europe,Europe and Central Asia,"Northern, Southern and Western Europe",Western Europe,High income,,Weighted regression analysis,Yes,,,0,0 km (landlocked),I,,4,0,,,,,0.270923257,1,0,,3.935701609,8.657076836,,12.01334858,18.60313416,8.822289467,2713,31871,229915,110650,"8. Northern, Southern and Western Europe"
NLD,Netherlands,Europe,Europe and Central Asia,"Northern, Southern and Western Europe",Western Europe,High income,,Weighted regression analysis,Yes,0.081756,26.6251,451,451 km,I+M,1735.18689,321,2271,,,7600.08252,2355.132568,5563.603516,105,2973,7577.212891,3804.436523,28307.79883,,55881.53516,75748.23438,38880.82031,191930,1398411,6893443,52283,"8. Northern, Southern and Western Europe"
CHE,Switzerland,Europe,Europe and Central Asia,"Northern, Southern and Western Europe",Western Europe,High income,,Weighted regression analysis,Yes,0.151167,13.9382,0,0 km (landlocked),I,532.0673828,262,0,,,369.7513733,381.3905029,15.52789497,85,0,45.73587036,213.3348694,3136.737793,,5626.374512,1323.046997,653.4356079,156456,957957,3538571,65720,"8. Northern, Southern and Western Europe"