ISO_TER1,flag_gfw,mmsi
ABW,RUS,1
AGO,AGO,30
AGO,BLZ,1
AGO,CHN,9
AGO,COK,1
AGO,CPV,1
AGO,CUW,1
AGO,ESP,20
AGO,FRA,2
AGO,GEO,6
AGO,GTM,1
AGO,JPN,1
AGO,LTU,1
AGO,NAM,5
AGO,NGA,1
AGO,SEN,1
AGO,SLV,2
AIA,USA,1
AIA,VCT,1
ALB,ALB,25
ALB,GRC,1
ALB,ITA,3
ALB,MNE,1
ALB,SVN,1
ARE,CHN,1
ARE,IRN,38
ARE,JPN,1
ARE,PAK,5
ARE,QAT,5
ARE,TZA,1
ARG,ARE,1
ARG,ARG,353
ARG,BLZ,1
ARG,CHL,8
ARG,CHN,157
ARG,ESP,2
ARG,KIR,2
ARG,KOR,9
ARG,POL,1
ARG,RUS,2
ARG,TWN,7
ARG,UKR,3
ARG,URY,32
ASM,CHN,3
ASM,COK,7
ASM,ECU,1
ASM,ESP,2
ASM,KIR,1
ASM,NZL,1
ASM,TWN,23
ASM,USA,43
ASM,VUT,4
ATF,AUS,2
ATF,CHN,1
ATF,FRA,10
ATG,CAN,1
ATG,KNA,1
ATG,USA,1
ATG,VCT,1
AUS,AUS,219
AUS,ESP,1
AUS,JPN,4
AUS,NCL,2
AUS,NZL,4
AUS,PNG,2
BEL,BEL,66
BEL,FRA,18
BEL,GBR,14
BEL,IRL,1
BEL,NLD,80
BEL,USA,1
BEN,GHA,6
BEN,NGA,1
BES,KNA,1
BES,VCT,1
BES,VEN,1
BGD,RUS,2
BGR,BGR,81
BGR,ROU,2
BHR,BHR,117
BHR,QAT,4
BHR,SAU,32
BHS,USA,23
BLM,KNA,1
BLM,USA,1
BLM,VCT,1
BMU,BMU,1
BMU,CAN,1
BMU,USA,2
BRA,AFG,1
BRA,ARG,1
BRA,BRA,195
BRA,DNK,1
BRA,ESP,1
BRA,FLK,9
BRA,FRA,7
BRA,FRO,1
BRA,GRL,1
BRA,KNA,1
BRA,PRT,1
BRA,SLB,1
BRB,FRA,2
BRB,JPN,5
CAN,CAN,976
CAN,ESP,1
CAN,EST,2
CAN,FRA,1
CAN,JPN,4
CAN,NOR,2
CAN,PRT,2
CAN,RUS,2
CAN,SPM,3
CAN,USA,321
CHL,ARG,5
CHL,CHL,74
CHL,CHN,162
CHL,ESP,2
CHL,KOR,21
CHL,PER,5
CHL,POL,1
CHL,RUS,3
CHL,TWN,8
CHL,UKR,4
CHL,USA,1
CHN,CHN,40106
CHN,CIV,1
CHN,COK,1
CHN,DNK,1
CHN,FSM,2
CHN,HKG,18
CHN,HND,1
CHN,JPN,12
CHN,KOR,7
CHN,MHL,2
CHN,MLT,1
CHN,MUS,1
CHN,PER,1
CHN,RUS,52
CHN,SEN,1
CHN,TWN,249
CHN,UNK,293
CHN,VNM,76
CHN,VUT,10
CIV,BLZ,4
CIV,CHN,6
CIV,CPV,1
CIV,CUW,4
CIV,ESP,11
CIV,FRA,10
CIV,GHA,20
CIV,GTM,2
CIV,PAN,2
CIV,SEN,2
CIV,SLV,3
CMR,CHN,14
CMR,CMR,10
COD,AGO,2
COD,COK,1
COG,CHN,1
COG,ESP,4
COG,FRA,1
COG,NGA,1
COK,CHN,22
COK,ESP,1
COK,KIR,1
COK,KOR,1
COK,TWN,5
COK,USA,5
COK,VUT,1
COL,COL,6
COL,ECU,2
COL,JPN,1
COL,PAN,2
COL,PRT,1
COL,RUS,1
COL,VEN,16
COM,CHN,1
COM,KOR,1
CPV,AGO,1
CPV,ARG,2
CPV,BLZ,3
CPV,CHN,5
CPV,CPV,1
CPV,CUW,2
CPV,ESP,45
CPV,FLK,12
CPV,FRA,3
CPV,GBR,1
CPV,ITA,1
CPV,JPN,35
CPV,KOR,4
CPV,NOR,1
CPV,PRT,8
CPV,SEN,5
CPV,SLV,1
CRI,CHN,1
CRI,ESP,1
CRI,PAN,2
CRI,PRT,1
CRI,USA,6
CRI,VEN,6
CUB,CAN,1
CUW,VEN,1
CYM,USA,1
CYP,CYP,26
CYP,EGY,1
CYP,GRC,2
CYP,ISR,1
CYP,ITA,3
CYP,MAR,1
CYP,TUR,36
DEU,BEL,2
DEU,CHE,1
DEU,DEU,210
DEU,DNK,98
DEU,ESP,1
DEU,FIN,1
DEU,GBR,10
DEU,GRL,1
DEU,IRL,3
DEU,ISL,1
DEU,LTU,1
DEU,NLD,91
DEU,NOR,2
DEU,POL,46
DEU,RUS,7
DEU,SWE,9
DEU,USA,1
DJI,CHN,4
DJI,ESP,1
DJI,FRA,2
DJI,RUS,4
DJI,SEN,1
DJI,TUR,1
DMA,CAN,1
DMA,ECU,1
DMA,FRA,1
DMA,JPN,1
DMA,VCT,1
DNK,BEL,21
DNK,CAN,2
DNK,CHE,1
DNK,DEU,64
DNK,DNK,542
DNK,EST,3
DNK,FIN,12
DNK,FRA,4
DNK,FRO,8
DNK,GBR,34
DNK,GRL,8
DNK,IRL,7
DNK,ISL,6
DNK,LTU,11
DNK,LVA,5
DNK,NLD,60
DNK,NOR,134
DNK,PAN,1
DNK,POL,80
DNK,RUS,24
DNK,SWE,132
DOM,ESP,1
DOM,JPN,8
DOM,PAN,1
DOM,USA,5
DZA,CHN,1
DZA,DZA,6
DZA,ESP,1
DZA,FRA,2
DZA,RUS,3
DZA,TUR,4
ECU,COK,1
ECU,COL,13
ECU,ECU,32
ECU,ESP,2
ECU,NIC,2
ECU,PAN,10
ECU,SLV,3
ECU,USA,6
ECU,VEN,9
EGY,BLZ,1
EGY,CHN,7
EGY,CPV,1
EGY,EGY,1
EGY,ESP,1
EGY,FRA,2
EGY,RUS,4
EGY,SEN,1
EGY,TUR,1
ERI,CHN,4
ERI,ESP,1
ERI,FRA,2
ERI,RUS,4
ERI,SEN,1
ERI,TUR,1
ESH,BLZ,3
ESH,CHN,23
ESH,CMR,6
ESH,CPV,1
ESH,CUW,1
ESH,DEU,1
ESH,ESP,25
ESH,FRA,4
ESH,GEO,14
ESH,GRC,1
ESH,HUN,1
ESH,IDN,1
ESH,ISL,1
ESH,JPN,19
ESH,LTU,2
ESH,LVA,2
ESH,MAR,28
ESH,MRT,7
ESH,NLD,2
ESH,NOR,2
ESH,PRT,1
ESH,RUS,15
ESH,SEN,1
ESH,SWE,1
ESH,TUR,10
ESP,AGO,2
ESP,ARG,2
ESP,BEL,1
ESP,BLZ,3
ESP,CHN,6
ESP,CPV,1
ESP,DEU,10
ESP,DZA,2
ESP,ECU,1
ESP,ESP,1583
ESP,FLK,15
ESP,FRA,179
ESP,GBR,29
ESP,GRL,3
ESP,IRL,10
ESP,ISL,1
ESP,ITA,9
ESP,MAR,14
ESP,MLT,6
ESP,MRT,1
ESP,NAM,2
ESP,NLD,2
ESP,NOR,2
ESP,PRT,81
ESP,RUS,6
ESP,SEN,3
ESP,SLV,1
ESP,TUR,9
EST,DNK,2
EST,EST,26
EST,FIN,20
EST,LTU,4
EST,LVA,13
EST,NOR,1
EST,POL,1
EST,RUS,16
EST,SWE,1
FIN,CHE,1
FIN,DNK,1
FIN,EST,6
FIN,FIN,39
FIN,RUS,13
FIN,SWE,9
FJI,AUS,1
FJI,CAN,1
FJI,CHN,158
FJI,COK,6
FJI,FJI,42
FJI,JPN,4
FJI,KIR,6
FJI,KOR,11
FJI,NRU,1
FJI,TUV,1
FJI,TWN,41
FJI,VUT,24
FLK,CHL,2
FLK,CHN,1
FLK,ESP,20
FLK,FLK,15
FLK,GBR,3
FLK,KOR,30
FLK,NOR,2
FLK,NZL,1
FLK,SHN,1
FLK,TWN,68
FLK,URY,2
FLK,VUT,4
FRA,BEL,62
FRA,DEU,10
FRA,DNK,1
FRA,ESP,178
FRA,FRA,1077
FRA,GBR,128
FRA,IRL,26
FRA,ITA,38
FRA,LBY,1
FRA,LTU,1
FRA,NCL,3
FRA,NLD,53
FRA,NOR,4
FRA,POL,1
FRA,PRT,1
FRA,RUS,11
FRA,SWE,1
FRA,USA,1
FRO,DEU,1
FRO,DNK,6
FRO,ESP,1
FRO,FRO,137
FRO,GBR,1
FRO,GRL,11
FRO,ISL,21
FRO,LTU,1
FRO,NOR,18
FRO,RUS,35
FRO,SWE,1
FSM,CHN,73
FSM,FSM,30
FSM,JPN,48
FSM,KIR,4
FSM,KOR,19
FSM,MHL,3
FSM,NRU,4
FSM,PHL,3
FSM,PNG,12
FSM,SLB,4
FSM,TUV,1
FSM,TWN,29
FSM,USA,7
FSM,VUT,6
GAB,CHN,8
GAB,NGA,1
GAB,SLV,2
GBR,BEL,54
GBR,CAN,2
GBR,CHE,1
GBR,DEU,21
GBR,DNK,37
GBR,ESP,27
GBR,FRA,180
GBR,FRO,21
GBR,GBR,1159
GBR,GRL,9
GBR,HRV,1
GBR,IRL,115
GBR,ISL,10
GBR,JPN,1
GBR,LIE,1
GBR,LTU,2
GBR,NLD,62
GBR,NOR,161
GBR,POL,1
GBR,PRT,1
GBR,RUS,25
GBR,SWE,5
GBR,USA,1
GEO,GEO,39
GEO,RUS,1
GEO,TUR,24
GGY,BEL,29
GGY,DEU,7
GGY,DNK,1
GGY,FRA,113
GGY,GBR,73
GGY,IRL,6
GGY,NLD,18
GGY,NOR,2
GGY,POL,1
GGY,PRT,1
GGY,RUS,2
GGY,USA,1
GHA,BLZ,3
GHA,CHN,5
GHA,ESP,1
GHA,FRA,5
GHA,GHA,42
GHA,JPN,1
GHA,NGA,1
GHA,TWN,1
GIB,DEU,2
GIB,ESP,21
GIB,FRA,2
GIB,MAR,4
GIB,NOR,1
GIB,TUR,2
GIN,CHN,5
GIN,ESP,10
GIN,GHA,1
GIN,GIN,5
GIN,ISL,1
GIN,ITA,3
GLP,CAN,1
GLP,FRA,2
GLP,RUS,1
GLP,VCT,1
GMB,CHN,6
GMB,CIV,1
GMB,ESP,2
GMB,GMB,1
GMB,GNB,1
GMB,SEN,9
GNB,CHN,18
GNB,ESP,20
GNB,GEO,1
GNB,GIN,2
GNB,GNB,8
GNB,ITA,1
GNB,KOR,3
GNB,RUS,2
GNB,SEN,6
GNB,TUR,2
GNQ,BLZ,1
GNQ,CHN,16
GNQ,CMR,7
GNQ,CUW,2
GNQ,SLV,1
GRC,ALB,8
GRC,BLZ,1
GRC,CPV,1
GRC,CYP,3
GRC,ESP,1
GRC,FRA,1
GRC,GRC,333
GRC,HRV,1
GRC,ITA,51
GRC,MAR,1
GRC,MLT,1
GRC,SVN,1
GRC,TUR,301
GRD,CAN,1
GRD,PRT,1
GRD,VCT,1
GRD,YEM,2
GRL,CAN,6
GRL,DEU,3
GRL,DNK,12
GRL,FRO,3
GRL,GRL,48
GRL,ISL,1
GRL,NOR,4
GRL,RUS,3
GTM,BMU,1
GTM,MEX,2
GTM,PAN,1
GTM,USA,1
GTM,VEN,2
GUF,FRA,14
GUF,VEN,2
GUM,FSM,1
GUM,JPN,19
GUM,KOR,1
GUM,TWN,2
GUM,VUT,1
GUY,TWN,3
GUY,VEN,1
HND,HND,1
HRV,ALB,2
HRV,CYP,1
HRV,DEU,1
HRV,HRV,188
HRV,ITA,98
HRV,MNE,9
HRV,NOR,1
HRV,SVN,8
IDN,AUS,2
IDN,CHN,265
IDN,CIV,1
IDN,COK,1
IDN,GNQ,6
IDN,IDN,18
IDN,JPN,33
IDN,KOR,5
IDN,LBR,1
IDN,LVA,1
IDN,MUS,1
IDN,PCN,1
IDN,PHL,1
IDN,PNG,1
IDN,RUS,8
IDN,SEN,1
IDN,SGP,15
IDN,SYC,17
IDN,TWN,168
IDN,UNK,1
IDN,VUT,5
IND,CHN,15
IND,IND,428
IND,RUS,3
IRL,BEL,16
IRL,DEU,7
IRL,DNK,5
IRL,ESP,67
IRL,FRA,95
IRL,FRO,5
IRL,GBR,149
IRL,GRL,2
IRL,IRL,260
IRL,ISL,7
IRL,JPN,2
IRL,LIE,1
IRL,NAM,1
IRL,NLD,8
IRL,NOR,17
IRL,POL,1
IRL,PRT,3
IRL,RUS,4
IRN,CHN,4
IRN,IRN,55
IRN,JPN,1
ISL,DEU,3
ISL,DNK,8
ISL,ESP,2
ISL,EST,1
ISL,FRO,19
ISL,GBR,1
ISL,GRL,11
ISL,ISL,1029
ISL,LTU,3
ISL,NOR,27
ISL,POL,1
ISL,PRT,1
ISL,RUS,21
ISR,GRC,2
ISR,ISR,11
ISR,TUR,1
ITA,ALB,2
ITA,CHN,7
ITA,CPV,1
ITA,CYP,2
ITA,DEU,2
ITA,DZA,5
ITA,ESP,7
ITA,FRA,7
ITA,HRV,20
ITA,ITA,1385
ITA,LBY,10
ITA,MAR,1
ITA,MLT,12
ITA,NOR,1
ITA,PRT,1
ITA,RUS,4
ITA,SVN,7
ITA,TUN,13
ITA,TUR,9
JEY,BEL,3
JEY,FRA,67
JEY,GBR,11
JPN,CHL,1
JPN,CHN,368
JPN,CYP,3
JPN,FSM,5
JPN,JPN,1625
JPN,KIR,2
JPN,KOR,361
JPN,LBR,1
JPN,NRU,1
JPN,RUS,355
JPN,TUV,1
JPN,TWN,160
JPN,UNK,3
JPN,USA,2
JPN,VUT,17
KEN,KEN,2
KEN,KOR,1
KEN,NAM,1
KEN,SYC,5
KIR,CHN,35
KIR,ECU,3
KIR,ESP,1
KIR,FSM,16
KIR,JPN,1
KIR,KIR,9
KIR,KOR,33
KIR,MHL,10
KIR,NRU,7
KIR,PHL,4
KIR,PNG,10
KIR,SLB,3
KIR,TUV,1
KIR,TWN,34
KIR,USA,12
KIR,VUT,7
KNA,CAN,1
KNA,KNA,1
KNA,VCT,1
KOR,CHN,526
KOR,CYP,3
KOR,DNK,1
KOR,JPN,14
KOR,KIR,1
KOR,KOR,2590
KOR,LBR,2
KOR,LVA,3
KOR,NRU,1
KOR,PCN,1
KOR,RUS,274
KOR,SEN,1
KOR,TUV,2
KOR,TWN,42
KOR,UNK,1
KOR,USA,2
KOR,VUT,17
LBR,CHN,4
LBR,CIV,1
LBR,ESP,2
LBR,NGA,1
LBR,SEN,1
LBR,TUR,1
LBY,ITA,1
LBY,LBY,7
LCA,CAN,1
LCA,ESP,1
LCA,FRA,2
LCA,JPN,7
LCA,PRT,1
LCA,VCT,1
LKA,CHN,30
LKA,LKA,118
LKA,MLT,1
LKA,RUS,2
LKA,SYC,7
LKA,TWN,23
LKA,UNK,1
LTU,LTU,15
LTU,LVA,4
LTU,NLD,1
LTU,NOR,1
LTU,POL,3
LTU,RUS,4
LVA,DNK,1
LVA,EST,14
LVA,FIN,3
LVA,LTU,11
LVA,LVA,49
LVA,NOR,1
LVA,POL,2
LVA,RUS,9
LVA,SWE,1
MAF,USA,1
MAF,VCT,1
MAR,CHN,8
MAR,CPV,1
MAR,DEU,3
MAR,ESP,33
MAR,FRA,7
MAR,HUN,1
MAR,ISL,1
MAR,MAR,49
MAR,NOR,1
MAR,RUS,9
MAR,SEN,1
MAR,TUR,9
MCO,FRA,1
MCO,ITA,6
MDG,AUS,1
MDG,CHN,12
MDG,ESP,1
MDG,FRA,1
MDG,JPN,2
MDG,KOR,4
MDG,LVA,1
MDG,MDG,17
MDG,SYC,1
MDG,TWN,2
MDV,KOR,1
MDV,LKA,6
MEX,BMU,1
MEX,CAN,1
MEX,ISL,1
MEX,MEX,38
MEX,NIC,1
MEX,USA,50
MHL,CHN,33
MHL,CRI,1
MHL,FSM,23
MHL,JPN,19
MHL,KIR,3
MHL,KOR,22
MHL,MHL,12
MHL,NRU,7
MHL,NZL,1
MHL,PHL,5
MHL,PNG,10
MHL,SLB,3
MHL,TUV,1
MHL,TWN,27
MHL,USA,12
MHL,VUT,3
MLT,ALB,1
MLT,CHN,5
MLT,CYP,2
MLT,DZA,2
MLT,ESP,5
MLT,FRA,6
MLT,ITA,74
MLT,LBY,10
MLT,MLT,35
MLT,PRT,1
MLT,RUS,4
MLT,TUN,1
MLT,TUR,1
MNE,ALB,8
MNE,ITA,1
MNE,MNE,14
MNE,SVN,1
MNP,CHN,4
MNP,FSM,2
MNP,JPN,13
MNP,KIR,1
MNP,KOR,13
MNP,NRU,1
MNP,PNG,1
MNP,TUV,1
MNP,TWN,19
MOZ,AUS,1
MOZ,CHN,7
MOZ,JPN,4
MOZ,KOR,3
MOZ,LVA,2
MOZ,MOZ,16
MOZ,MUS,5
MOZ,MWI,1
MOZ,NAM,3
MOZ,SYC,3
MOZ,TWN,2
MOZ,ZAF,3
MRT,BLZ,3
MRT,CHN,22
MRT,CMR,6
MRT,CPV,1
MRT,CUW,1
MRT,ESP,24
MRT,FRA,3
MRT,GEO,15
MRT,IDN,1
MRT,JPN,19
MRT,LTU,2
MRT,LVA,2
MRT,MRT,7
MRT,NAM,1
MRT,NLD,1
MRT,NOR,2
MRT,RUS,10
MRT,SEN,1
MRT,TUR,7
MSR,CAN,1
MSR,VCT,1
MTQ,CAN,1
MTQ,ECU,1
MTQ,FRA,4
MTQ,JPN,1
MTQ,PRT,2
MTQ,VCT,1
MUS,AUS,4
MUS,CHN,59
MUS,COK,1
MUS,ESP,5
MUS,FRA,28
MUS,GBR,1
MUS,ITA,1
MUS,JPN,3
MUS,KOR,8
MUS,LVA,1
MUS,MUS,37
MUS,MYS,6
MUS,PRT,1
MUS,REU,3
MUS,SYC,19
MUS,TWN,218
MUS,VUT,4
MYS,AUS,1
MYS,AZE,1
MYS,CHN,237
MYS,IDN,1
MYS,JPN,2
MYS,KOR,4
MYS,LBR,1
MYS,LVA,1
MYS,MUS,1
MYS,MYS,301
MYS,RUS,8
MYS,SEN,1
MYS,SYC,15
MYS,THA,1
MYS,TWN,149
MYS,VUT,5
MYT,FRA,1
NAM,AGO,3
NAM,BLZ,1
NAM,CHN,1
NAM,ESP,27
NAM,FLK,2
NAM,GBR,1
NAM,GEO,2
NAM,JPN,7
NAM,NAM,79
NAM,NOR,2
NAM,PAN,1
NAM,PRT,2
NAM,RUS,2
NAM,SEN,2
NAM,ZAF,6
NCL,AUS,1
NCL,CHN,2
NCL,JPN,18
NCL,NCL,21
NFK,TWN,1
NGA,NGA,10
NIC,ECU,1
NIC,NIC,1
NIC,USA,1
NIC,VEN,1
NIU,USA,1
NLD,BEL,54
NLD,DEU,89
NLD,DNK,14
NLD,ESP,1
NLD,FRA,20
NLD,FRO,1
NLD,GBR,44
NLD,IRL,7
NLD,ISL,1
NLD,LTU,1
NLD,NLD,448
NLD,NOR,2
NLD,POL,1
NLD,RUS,2
NLD,SWE,1
NLD,USA,1
NOR,BEL,1
NOR,BLZ,1
NOR,DEU,13
NOR,DNK,72
NOR,ESP,5
NOR,EST,2
NOR,FRA,5
NOR,FRO,13
NOR,GBR,27
NOR,GRL,8
NOR,IRL,10
NOR,ISL,15
NOR,LTU,4
NOR,LVA,1
NOR,NLD,1
NOR,NOR,2648
NOR,POL,1
NOR,PRT,1
NOR,RUS,116
NOR,SWE,53
NRU,CHN,4
NRU,FSM,1
NRU,KOR,3
NRU,NRU,2
NRU,PNG,3
NRU,TWN,7
NRU,USA,2
NZL,AUS,2
NZL,ESP,2
NZL,GBR,2
NZL,JPN,13
NZL,NZL,109
NZL,RUS,1
NZL,SHN,1
NZL,TWN,1
NZL,URY,1
NZL,USA,11
OMN,CHN,9
OMN,IRN,26
OMN,PAK,5
OMN,SEN,1
OMN,TUR,1
PAK,CHN,2
PAN,CAN,1
PAN,CHN,2
PAN,COL,5
PAN,ECU,4
PAN,ESP,15
PAN,FJI,3
PAN,JPN,20
PAN,NIC,3
PAN,PAN,9
PAN,POL,1
PAN,PRT,3
PAN,RUS,1
PAN,TWN,12
PAN,USA,11
PAN,VEN,10
PAN,VUT,2
PCN,CHN,1
PER,CHN,301
PER,COK,1
PER,ECU,14
PER,ESP,25
PER,GUY,1
PER,HND,1
PER,JPN,16
PER,KNA,1
PER,KOR,16
PER,NIC,1
PER,PAN,7
PER,PER,121
PER,POL,1
PER,PRT,2
PER,SLV,1
PER,TWN,2
PER,USA,3
PHL,CHN,7
PHL,FSM,5
PHL,JPN,3
PHL,KIR,1
PHL,MYS,2
PHL,NRU,5
PHL,PHL,14
PHL,PNG,12
PHL,SLB,1
PHL,TWN,46
PHL,USA,4
PHL,VUT,3
PLW,ALB,1
PLW,CHN,5
PLW,FSM,5
PLW,PHL,2
PLW,TWN,34
PLW,USA,2
PLW,VUT,1
PNG,AUS,2
PNG,CHN,13
PNG,FSM,9
PNG,JPN,53
PNG,KOR,8
PNG,PHL,23
PNG,PNG,27
PNG,SLB,3
PNG,TWN,48
PNG,UNK,1
PNG,USA,2
PNG,VUT,12
POL,DEU,9
POL,DNK,11
POL,FIN,6
POL,GBR,1
POL,ISL,3
POL,LTU,9
POL,LVA,7
POL,NOR,4
POL,POL,175
POL,RUS,58
POL,SWE,5
PRI,ESP,1
PRI,JPN,13
PRI,PAN,1
PRI,POL,1
PRI,USA,4
PRK,CHN,71
PRK,RUS,7
PRT,AGO,1
PRT,ARG,1
PRT,BLZ,3
PRT,DEU,3
PRT,ESP,157
PRT,EST,2
PRT,FLK,5
PRT,FRA,8
PRT,GBR,1
PRT,IDN,1
PRT,ISL,1
PRT,MAR,1
PRT,NAM,1
PRT,NLD,1
PRT,NOR,1
PRT,PRT,328
PRT,SEN,1
PSE,GRC,1
PSE,ISR,6
PYF,CHN,63
PYF,ECU,1
PYF,ESP,1
PYF,JPN,11
PYF,KOR,8
PYF,MEX,1
PYF,NIC,1
PYF,PAN,1
PYF,PYF,14
PYF,RUS,1
PYF,TWN,10
PYF,USA,10
PYF,VUT,8
QAT,BHR,2
QAT,IRN,2
QAT,KNA,1
QAT,QAT,88
REU,CHN,7
REU,FRA,32
REU,KOR,1
REU,LVA,1
REU,SYC,1
REU,TWN,1
ROU,BGR,1
ROU,ROU,5
RUS,BLZ,1
RUS,CHN,2
RUS,CYP,3
RUS,FIN,2
RUS,FRO,4
RUS,GRL,2
RUS,ISL,5
RUS,KOR,24
RUS,LBR,1
RUS,LVA,4
RUS,NOR,47
RUS,POL,1
RUS,RUS,801
RUS,UKR,4
SAU,BHR,12
SAU,SAU,77
SDN,ESP,1
SDN,FRA,1
SDN,RUS,1
SDN,SEN,1
SEN,AGO,1
SEN,BLZ,1
SEN,CHN,53
SEN,CIV,4
SEN,CPV,1
SEN,CUW,3
SEN,ESP,39
SEN,FRA,11
SEN,GMB,1
SEN,GNB,2
SEN,GTM,1
SEN,ISL,1
SEN,ITA,6
SEN,KOR,3
SEN,MRT,1
SEN,NOR,1
SEN,PAN,1
SEN,SEN,53
SEN,SOM,1
SEN,TUR,5
SEN,TWN,19
SGP,CHN,242
SGP,COK,1
SGP,GNQ,6
SGP,IDN,3
SGP,JPN,2
SGP,KOR,3
SGP,LBR,1
SGP,MUS,1
SGP,RUS,7
SGP,SEN,1
SGP,SGP,17
SGP,SYC,16
SGP,TWN,158
SGP,VUT,4
SGS,CHL,2
SGS,CHN,2
SGS,FLK,1
SGS,GBR,2
SGS,KOR,1
SGS,NOR,2
SGS,NZL,1
SGS,SHN,1
SGS,URY,1
SHN,CHN,4
SHN,FLK,1
SHN,GBR,1
SHN,SHN,1
SHN,TWN,1
SJM,BLZ,1
SJM,DEU,2
SJM,DNK,1
SJM,ESP,4
SJM,FRA,1
SJM,FRO,3
SJM,GBR,2
SJM,LTU,2
SJM,NOR,62
SJM,POL,1
SJM,RUS,48
SLB,CHN,43
SLB,FJI,3
SLB,FSM,8
SLB,JPN,11
SLB,KIR,1
SLB,KOR,14
SLB,PHL,6
SLB,PNG,4
SLB,SLB,4
SLB,TWN,47
SLB,USA,1
SLB,VUT,5
SLE,CHN,2
SLE,GIN,1
SLE,GNB,2
SLE,ITA,3
SLE,SEN,2
SLE,TUR,2
SLV,ECU,2
SLV,NIC,1
SLV,PAN,2
SLV,SLV,3
SLV,USA,1
SLV,VEN,1
SOM,CHN,1
SOM,FRA,1
SOM,IRN,1
SPM,CAN,26
SPM,FRA,1
SPM,FRO,5
SPM,SPM,3
STP,BLZ,2
STP,CPV,1
STP,CUW,1
STP,ESP,1
STP,GTM,2
STP,NGA,1
STP,PAN,2
STP,SEN,1
STP,SLV,1
SUR,CHN,3
SUR,IRL,1
SUR,USA,1
SVN,ITA,10
SVN,SVN,6
SWE,CHE,1
SWE,DEU,11
SWE,DNK,219
SWE,EST,5
SWE,FIN,22
SWE,ISL,5
SWE,LTU,5
SWE,LVA,1
SWE,NLD,1
SWE,NOR,57
SWE,PAN,1
SWE,POL,29
SWE,RUS,23
SWE,SWE,204
SXM,KNA,1
SXM,USA,1
SXM,VCT,1
SYC,CHN,18
SYC,ESP,2
SYC,FRA,6
SYC,ITA,1
SYC,KEN,1
SYC,KOR,1
SYC,MUS,3
SYC,NAM,1
SYC,REU,5
SYC,SYC,26
SYC,TWN,29
SYR,EGY,1
SYR,MAR,1
SYR,TUR,25
TCA,USA,4
TGO,GHA,3
TGO,NGA,1
THA,GRC,1
THA,GTM,1
THA,MYS,6
THA,THA,41
THA,TWN,1
TKL,CHN,1
TKL,COK,3
TKL,KOR,1
TKL,USA,1
TKL,VUT,3
TLS,AUS,1
TLS,IDN,1
TON,CHN,8
TON,COK,1
TON,FJI,3
TON,TWN,12
TTO,CAN,1
TTO,CHN,2
TTO,CIV,2
TTO,KOR,1
TTO,NOR,1
TTO,PRT,1
TTO,TWN,5
TTO,VCT,3
TTO,VEN,17
TUN,CHN,5
TUN,CPV,1
TUN,DZA,8
TUN,ESP,4
TUN,FRA,3
TUN,ITA,63
TUN,LBY,5
TUN,MAR,1
TUN,MLT,1
TUN,PRT,1
TUN,RUS,3
TUN,TUN,17
TUN,TUR,2
TUR,ALB,2
TUR,BLZ,1
TUR,EGY,1
TUR,ESP,1
TUR,GEO,21
TUR,GRC,52
TUR,ITA,19
TUR,MAR,1
TUR,TUR,649
TUV,CHN,3
TUV,FJI,2
TUV,FSM,5
TUV,JPN,2
TUV,KIR,8
TUV,KOR,39
TUV,MHL,2
TUV,NRU,3
TUV,PHL,1
TUV,PNG,3
TUV,SLB,3
TUV,TUV,2
TUV,TWN,7
TUV,USA,3
TUV,VUT,6
TWN,ALB,2
TWN,CHN,97
TWN,FSM,3
TWN,HKG,1
TWN,JPN,3
TWN,KOR,2
TWN,LVA,1
TWN,NRU,1
TWN,PHL,3
TWN,PNG,13
TWN,RUS,5
TWN,SLB,1
TWN,SYC,7
TWN,TWN,1612
TWN,UNK,225
TWN,USA,3
TWN,VUT,33
TWN,ZAF,1
TZA,KEN,1
TZA,NAM,1
UKR,RUS,56
UKR,UKR,6
UMI,CHN,4
UMI,KIR,1
UMI,KOR,1
UMI,MHL,1
UMI,NRU,1
UMI,USA,1
URY,ARG,59
URY,BLZ,2
URY,BRA,6
URY,CHL,1
URY,CHN,28
URY,ESP,37
URY,FLK,10
URY,GBR,1
URY,KIR,2
URY,KOR,29
URY,NOR,1
URY,PRT,2
URY,SHN,1
URY,TWN,14
URY,URY,52
URY,VUT,1
USA,BMU,1
USA,CAN,144
USA,ISL,1
USA,TCA,1
USA,USA,1948
VCT,CAN,1
VCT,ESP,1
VCT,JPN,10
VCT,PRT,1
VCT,VCT,1
VCT,YEM,2
VEN,CAN,1
VEN,CHN,2
VEN,RUS,1
VEN,VCT,1
VEN,VEN,43
VGB,USA,2
VGB,VCT,1
VIR,USA,3
VIR,VCT,1
VNM,BRN,1
VNM,CAN,1
VNM,CHN,398
VNM,HKG,2
VNM,KOR,1
VNM,UNK,1
VNM,VNM,220
VUT,CHN,60
VUT,FJI,5
VUT,TWN,6
WLF,CAN,1
WLF,CHN,3
WLF,KIR,1
WLF,NRU,1
WLF,VUT,1
WSM,CHN,38
WSM,COK,9
WSM,FSM,2
WSM,KOR,3
WSM,NZL,1
WSM,PNG,1
WSM,TWN,23
WSM,USA,7
WSM,VUT,12
YEM,CHN,3
YEM,ESP,1
YEM,FRA,2
YEM,RUS,1
YEM,SEN,1
YEM,TUR,1
ZAF,AUS,1
ZAF,BLZ,1
ZAF,CHN,51
ZAF,CIV,1
ZAF,COK,1
ZAF,ESP,10
ZAF,GBR,2
ZAF,GEO,3
ZAF,JPN,41
ZAF,KOR,15
ZAF,MOZ,7
ZAF,NAM,4
ZAF,NOR,1
ZAF,PRT,3
ZAF,SYC,2
ZAF,TWN,62
ZAF,UKR,1
ZAF,UNK,1
ZAF,VUT,4
ZAF,ZAF,265
